title,company,url,word
 Lead Product Designer,USA Only,https://weworkremotely.com/remote-jobs/osano-lead-product-designer,developer
.NET Applications Developer w/Mobile Experience,ECI Software Solutions,https://stackoverflow.com/jobs/556908/?so=i&q=python&r=true,developer
.NET Developer,Accenture Romania,https://stackoverflow.com/jobs/550598/?so=i&q=python&r=true,developer
.NET Developer - Manufacturing efficiency in the electronic industry (Moldova),Pentalog,https://stackoverflow.com/jobs/554218/?so=i&q=python&r=true,developer
.Net Developer Angular C#,"Nextech Systems, LLC",https://stackoverflow.com/jobs/525412/?so=i&q=python&r=true,developer
(DevOps) Software Engineer (m/w/d),Marbis GmbH                        viaComputer Futures Solutions GmbH,https://stackoverflow.com/jobs/525398/?so=i&q=python&r=true,developer
(Junior) Frontend-Entwickler (m/w/d),Neopubli GmbH,https://stackoverflow.com/jobs/558734/?so=i&q=python&r=true,developer
(Junior) Full Stack-Entwickler (m/w/d),Neopubli GmbH,https://stackoverflow.com/jobs/558732/?so=i&q=python&r=true,developer
(Lead) Backend Engineer Rust (m/f/d) - SAP Business Process Intelligence,Signavio,https://stackoverflow.com/jobs/556114/?so=i&q=python&r=true,developer
(Lead) Frontend Engineer JavaScript (m/f/d) - SAP Business Process Intelligence,Signavio,https://stackoverflow.com/jobs/559631/?so=i&q=python&r=true,developer
(Senior) Backend Developer - node.js (Jede*r),tarent solutions GmbH,https://stackoverflow.com/jobs/538095/?so=i&q=python&r=true,developer
(Senior) Backend Engineer at sustainable start-up (m/f/x) - Munich or Remote,FINN,https://stackoverflow.com/jobs/331741/?so=i&q=python&r=true,developer
(Senior) Frontend Engineer at sustainable start-up (m/f/x) - Munich or Remote,FINN,https://stackoverflow.com/jobs/519612/?so=i&q=python&r=true,developer
(Senior) Frontend Engineer JavaScript (m/f/d) - SAP Business Process Intelligenc,Signavio,https://stackoverflow.com/jobs/556118/?so=i&q=python&r=true,developer
(Senior) Full Stack Engineer (f/m/d),CoachHub GmbH,https://stackoverflow.com/jobs/504203/?so=i&q=python&r=true,developer
(Senior) Full-Stack Engineer (m/f/d) - SAP Business Process Intelligence,Signavio,https://stackoverflow.com/jobs/556120/?so=i&q=python&r=true,developer
(Senior) JavaScript/Typescript Engineer (f/m/d),CoachHub GmbH,https://stackoverflow.com/jobs/551127/?so=i&q=python&r=true,developer
(Senior) Product Manager (all genders),Elinvar GmbH,https://stackoverflow.com/jobs/560839/?so=i&q=python&r=true,developer
(Senior) Solution Architect Software and Applications (m/f/d) |on-site or remote,Best Secret GmbH,https://stackoverflow.com/jobs/559644/?so=i&q=python&r=true,developer
*REMOTE* Lead (Senior) Kotlin & Java Engineer (m/f/x) High-Load Search-Engine,"AVANTGARDE - ""Creating Fans""",https://stackoverflow.com/jobs/529656/?so=i&q=python&r=true,developer
*REMOTE* React.js (Node.js) TypeScript FE/FS Engineer (m/f/x)-Global Marketplace,"AVANTGARDE - ""Creating Fans""",https://stackoverflow.com/jobs/433429/?so=i&q=python&r=true,developer
"*REMOTE* Solution Architect / Principal Engineer (High-Load Marketplace, m/f/x)","AVANTGARDE - ""Creating Fans""",https://stackoverflow.com/jobs/550244/?so=i&q=python&r=true,developer
Analytics Engineer,Slido,https://stackoverflow.com/jobs/555451/?so=i&q=python&r=true,developer
Android Dev - Help a top travel&restaurant platform provide great experiences,Pentalog,https://stackoverflow.com/jobs/554224/?so=i&q=python&r=true,developer
Android Developer,SimpleNexus LLC,https://stackoverflow.com/jobs/523152/?so=i&q=python&r=true,developer
Android Developer (Jede*r),tarent solutions GmbH,https://stackoverflow.com/jobs/555122/?so=i&q=python&r=true,developer
Android Developer in Australia or Argentina,SkedGo Pty Ltd,https://stackoverflow.com/jobs/485970/?so=i&q=python&r=true,developer
Android Engineer,"Betterup, Inc.",https://stackoverflow.com/jobs/523552/?so=i&q=python&r=true,developer
Android Engineer - Remote,Penn Interactive Ventures,https://stackoverflow.com/jobs/548901/?so=i&q=python&r=true,developer
Android Engineer - Scores,OneFootball GmbH,https://stackoverflow.com/jobs/559028/?so=i&q=python&r=true,developer
App Setup Specialist ,Anywhere in the World,https://weworkremotely.com/remote-jobs/uscreen-app-setup-specialist-4,developer
Application Engineer,Computer Futures                        viaComputer Futures Japan,https://stackoverflow.com/jobs/523861/?so=i&q=python&r=true,developer
"Architect ( React,Node,AWS) - Remote",Modus Create,https://stackoverflow.com/jobs/565720/?so=i&q=python&r=true,developer
Associate Field Software Engineer - EMEA,Canonical,https://stackoverflow.com/jobs/471550/?so=i&q=python&r=true,developer
Associate IoT Systems Engineer,Canonical,https://stackoverflow.com/jobs/487604/?so=i&q=python&r=true,developer
Associate Software Engineer,MarketAxess Holdings Inc.,https://stackoverflow.com/jobs/543926/?so=i&q=python&r=true,developer
AWS Architect ( Remote - US based),Modus Create,https://stackoverflow.com/jobs/565606/?so=i&q=python&r=true,developer
Azure BI Technical Architect,BigChange Ltd,https://stackoverflow.com/jobs/532866/?so=i&q=python&r=true,developer
Back End Developer,RoosterMoney,https://stackoverflow.com/jobs/562436/?so=i&q=python&r=true,developer
Back end developer per operations center,Giocaonline s.r.l.,https://stackoverflow.com/jobs/529295/?so=i&q=python&r=true,developer
"Back End Engineer (Python, AWS)",Modus Create,https://stackoverflow.com/jobs/560131/?so=i&q=python&r=true,developer
Back-End Developer (i.e. Node.js),Imaginary Cloud,https://stackoverflow.com/jobs/565681/?so=i&q=python&r=true,developer
Back-End Developer in an Energy Industry Disrupter,ENSEK,https://stackoverflow.com/jobs/523052/?so=i&q=python&r=true,developer
Backend Architect - Golang (remote),Percona Staffing LLC,https://stackoverflow.com/jobs/562422/?so=i&q=python&r=true,developer
Backend Developer,Envato Mexico,https://stackoverflow.com/jobs/414275/?so=i&q=python&r=true,developer
Backend Developer - Business Systems / Content Services,Soundtrack Your Brand,https://stackoverflow.com/jobs/512053/?so=i&q=python&r=true,developer
Backend Developer - Remote/On-Site,eLearning Industry,https://stackoverflow.com/jobs/560833/?so=i&q=python&r=true,developer
Backend Developer (m/f/d) TypeScript,Laserhub GmbH,https://stackoverflow.com/jobs/563094/?so=i&q=python&r=true,developer
Backend Developer (m/w/d) remote,best it AG,https://stackoverflow.com/jobs/513393/?so=i&q=python&r=true,developer
Backend Developer E-Commerce (m/w/d),Peek & Cloppenburg,https://stackoverflow.com/jobs/565671/?so=i&q=python&r=true,developer
Backend Developer with Cloud experience,Accenture Romania,https://stackoverflow.com/jobs/534721/?so=i&q=python&r=true,developer
Backend Engineer,alfaview GmbH,https://stackoverflow.com/jobs/267100/?so=i&q=python&r=true,developer
Backend Engineer - Advertising (Remote Eligible - Americas),Spotify,https://stackoverflow.com/jobs/516905/?so=i&q=python&r=true,developer
Backend Engineer - Commerce Platform (Remote Eligible EMEA),Spotify,https://stackoverflow.com/jobs/550392/?so=i&q=python&r=true,developer
Backend Engineer - Consumer Experience Mission,Spotify,https://stackoverflow.com/jobs/496576/?so=i&q=python&r=true,developer
Backend Engineer - Laravel,Everli,https://stackoverflow.com/jobs/534513/?so=i&q=python&r=true,developer
Backend Engineer (Remote or Singapore),BandLab Technologies,https://stackoverflow.com/jobs/554839/?so=i&q=python&r=true,developer
Backend Engineer (Remote),Pento,https://stackoverflow.com/jobs/524395/?so=i&q=python&r=true,developer
"Backend Engineer, Integrations & API (Remote , +3/-3 CET hours)",Pento,https://stackoverflow.com/jobs/559448/?so=i&q=python&r=true,developer
Backend Engineering Manager (Python) - Spekit - High Growth Series A Startup,Spekit                        viaSource Coders,https://stackoverflow.com/jobs/565704/?so=i&q=python&r=true,developer
Backend Java Developer,Tradeshift,https://stackoverflow.com/jobs/533090/?so=i&q=python&r=true,developer
Backend Java Developer - for a cloud-based language training solution,Speexx,https://stackoverflow.com/jobs/524577/?so=i&q=python&r=true,developer
Backend Software Engineer,Impala,https://stackoverflow.com/jobs/553591/?so=i&q=python&r=true,developer
Backend Software Engineer - SDVI Rally Core,SDVI,https://stackoverflow.com/jobs/451625/?so=i&q=python&r=true,developer
"Backend Software Engineer, DevOps",Avature,https://stackoverflow.com/jobs/565332/?so=i&q=python&r=true,developer
Big Data Developer,Ultra Tendency,https://stackoverflow.com/jobs/556896/?so=i&q=python&r=true,developer
Big Data DevOps Engineer,Ultra Tendency,https://stackoverflow.com/jobs/556898/?so=i&q=python&r=true,developer
Blockchain Developer,IOVLABS,https://stackoverflow.com/jobs/460979/?so=i&q=python&r=true,developer
Blockchain Engineer (Remote),X-Team,https://stackoverflow.com/jobs/561565/?so=i&q=python&r=true,developer
Blockchain Integration Engineer (Remote),Coinomi,https://stackoverflow.com/jobs/565640/?so=i&q=python&r=true,developer
Build/Release Engineer,Tausight,https://stackoverflow.com/jobs/556779/?so=i&q=python&r=true,developer
Business Systems Analyst,Real Staffing                        viaReal Staffing US,https://stackoverflow.com/jobs/523825/?so=i&q=python&r=true,developer
C++ Developer job: Help an Austrian company create safety through technology,Pentalog,https://stackoverflow.com/jobs/555639/?so=i&q=python&r=true,developer
C++ Engineer - Player Features & Framework,Spotify,https://stackoverflow.com/jobs/496574/?so=i&q=python&r=true,developer
C++ Software Architect for the Next Generation High Security Access Control,By - Access Control Systems,https://stackoverflow.com/jobs/497605/?so=i&q=python&r=true,developer
C++ Software Engineer @ Nozomi Networks,Nozomi Networks,https://stackoverflow.com/jobs/526391/?so=i&q=python&r=true,developer
Ceph and software-defined storage product manager,Canonical,https://stackoverflow.com/jobs/522975/?so=i&q=python&r=true,developer
Chief Technical Officer,Self Decode,https://stackoverflow.com/jobs/558058/?so=i&q=python&r=true,developer
Cloud Architect,Octopus Deploy,https://stackoverflow.com/jobs/554199/?so=i&q=python&r=true,developer
Cloud Data Engineer - Remote USA only,Hewlett Packard Enterprise,https://stackoverflow.com/jobs/558426/?so=i&q=python&r=true,developer
Cloud Engineer,Olo,https://stackoverflow.com/jobs/516558/?so=i&q=python&r=true,developer
Cloud Engineer (m/f/d),epilot,https://stackoverflow.com/jobs/519514/?so=i&q=python&r=true,developer
"Cloud Engineer, AVP -Remote",MUFG,https://stackoverflow.com/jobs/559428/?so=i&q=python&r=true,developer
Cloud Engineering Architect,Intel Corporation,https://stackoverflow.com/jobs/530027/?so=i&q=python&r=true,developer
Cloud Infrastructure Engineer (f/m/d),alfaview GmbH,https://stackoverflow.com/jobs/504206/?so=i&q=python&r=true,developer
"Cloud Operations Engineer, EMEA",Canonical,https://stackoverflow.com/jobs/522546/?so=i&q=python&r=true,developer
Cloud Operations Lead,MapLarge,https://stackoverflow.com/jobs/523681/?so=i&q=python&r=true,developer
Cloud Support Engineer (APAC - Remote),Platform.sh,https://stackoverflow.com/jobs/562649/?so=i&q=python&r=true,developer
Cloud Support Engineer (EMEA - Remote),Platform.sh,https://stackoverflow.com/jobs/557004/?so=i&q=python&r=true,developer
"Container Platform Engineer, Vice President",MUFG,https://stackoverflow.com/jobs/559420/?so=i&q=python&r=true,developer
Create your own Destiny at Orion - 100% Remote - Huge Growth,"Orion Advisor Solutions, Inc.",https://stackoverflow.com/jobs/523170/?so=i&q=python&r=true,developer
Creative Designer - Remote,Anywhere in the World,https://weworkremotely.com/remote-jobs/godigitalchina-as-creative-designer-remote,developer
Customer Solutions Engineer,Flyr Inc,https://stackoverflow.com/jobs/529108/?so=i&q=python&r=true,developer
Cyber Security Analyst,Modus Create,https://stackoverflow.com/jobs/563124/?so=i&q=python&r=true,developer
Data Analytics Engineer,Huxley Banking & Financial Services                        viaHuxley (US),https://stackoverflow.com/jobs/524158/?so=i&q=python&r=true,developer
"Data Architect, Data Platform",Flyr Inc,https://stackoverflow.com/jobs/529117/?so=i&q=python&r=true,developer
Data Engineer,AudioValley,https://stackoverflow.com/jobs/559308/?so=i&q=python&r=true,developer
Data Engineer - Data Services (Remote - Europe),GameAnalytics,https://stackoverflow.com/jobs/540199/?so=i&q=python&r=true,developer
Data Engineer - Where GovTech and FinTech Meet,PayIt,https://stackoverflow.com/jobs/557203/?so=i&q=python&r=true,developer
"Data Engineer (Python, ETL)",Finsera,https://stackoverflow.com/jobs/536631/?so=i&q=python&r=true,developer
Data Engineer (Remote),X-Team,https://stackoverflow.com/jobs/534443/?so=i&q=python&r=true,developer
Data Integration Developer,SyncSmart.io (by LyntonWeb.com),https://stackoverflow.com/jobs/527435/?so=i&q=python&r=true,developer
Data Science - Engineering Manager,Belvo Technologies,https://stackoverflow.com/jobs/559029/?so=i&q=python&r=true,developer
Data Scientist,Hopper,https://stackoverflow.com/jobs/504258/?so=i&q=python&r=true,developer
"Data Scientist, Performance Media","Horizon Media Holdings, Inc",https://stackoverflow.com/jobs/561829/?so=i&q=python&r=true,developer
Data Solutions - Product Manager,Canonical,https://stackoverflow.com/jobs/467497/?so=i&q=python&r=true,developer
Database Administrator III,"Wikimedia Foundation, Inc.",https://stackoverflow.com/jobs/555173/?so=i&q=python&r=true,developer
"Dedicated Linux Engineer, AMER",Canonical,https://stackoverflow.com/jobs/461308/?so=i&q=python&r=true,developer
"Dedicated Linux Engineer, EMEA",Canonical,https://stackoverflow.com/jobs/565556/?so=i&q=python&r=true,developer
Desarrollador/a de software C #,Hahn Softwareentwicklung,https://stackoverflow.com/jobs/499656/?so=i&q=python&r=true,developer
Design Director,Anywhere in the World,https://weworkremotely.com/remote-jobs/catalog-design-director,developer
Dev Ops Engineer,Easy Metrics,https://stackoverflow.com/jobs/487292/?so=i&q=python&r=true,developer
Developer,North America Only,https://weworkremotely.com/remote-jobs/defiant-inc-developer,developer
Developer C++ (POS) (m/w/d),Peek & Cloppenburg,https://stackoverflow.com/jobs/565678/?so=i&q=python&r=true,developer
Developer Node.js (m/w/d),Peek & Cloppenburg,https://stackoverflow.com/jobs/565673/?so=i&q=python&r=true,developer
Development Operations Engineer (DevSecOps),Cognitive Space,https://stackoverflow.com/jobs/561028/?so=i&q=python&r=true,developer
DevOps / Site Reliability Engineer (APAC timezone / remote),Platform.sh,https://stackoverflow.com/jobs/559924/?so=i&q=python&r=true,developer
DevOps Architect (AWS),Modus Create,https://stackoverflow.com/jobs/560704/?so=i&q=python&r=true,developer
DevOps AWS Engineer (Remote),X-Team,https://stackoverflow.com/jobs/534444/?so=i&q=python&r=true,developer
DevOps Cloud Engineer (Kubernetes) - Remote,IG Group,https://stackoverflow.com/jobs/532885/?so=i&q=python&r=true,developer
DevOps Engineer,Moneyhub Financial Technology Ltd,https://stackoverflow.com/jobs/558015/?so=i&q=python&r=true,developer
DevOps Engineer  (Jede*r),tarent solutions GmbH,https://stackoverflow.com/jobs/555101/?so=i&q=python&r=true,developer
DevOps Engineer - 100% Remote,Disy Informationssysteme GmbH,https://stackoverflow.com/jobs/383260/?so=i&q=python&r=true,developer
DevOps Engineer - Spekit - High Growth Series A Startup,Spekit                        viaSource Coders,https://stackoverflow.com/jobs/565705/?so=i&q=python&r=true,developer
DevOps Engineer (Canada Remote),Fullscript,https://stackoverflow.com/jobs/565692/?so=i&q=python&r=true,developer
DevOps Engineer (f/m/d),Trusted Shops GmbH,https://stackoverflow.com/jobs/553248/?so=i&q=python&r=true,developer
DevOps Engineer (m/w/d),solute GmbH,https://stackoverflow.com/jobs/556140/?so=i&q=python&r=true,developer
DevOps Engineer (Remote),Eterlast,https://stackoverflow.com/jobs/563090/?so=i&q=python&r=true,developer
DevOps Sales Engineer,Gruntwork,https://stackoverflow.com/jobs/562437/?so=i&q=python&r=true,developer
DevOps Senior Engineer (Remote),SORAMITSU,https://stackoverflow.com/jobs/560834/?so=i&q=python&r=true,developer
Digital Designer - eComm Design & Tech Agency,Americas Only,https://weworkremotely.com/remote-jobs/vaan-group-digital-designer-ecomm-design-tech-agency,developer
Digital Product Designer,North America Only,https://weworkremotely.com/remote-jobs/atlas-obscura-digital-product-designer,developer
Director of Engineering - Integrations Team,Assurance,https://stackoverflow.com/jobs/565729/?so=i&q=python&r=true,developer
Director of Product,Anywhere in the World,https://weworkremotely.com/remote-jobs/sendible-director-of-product,developer
Director of Product Design,Anywhere in the World,https://weworkremotely.com/remote-jobs/viamo-director-of-product-design,developer
Director of Software Development (Hands On),Genesys,https://stackoverflow.com/jobs/552043/?so=i&q=python&r=true,developer
"Director, Embedded QA",Flock Safety,https://stackoverflow.com/jobs/552351/?so=i&q=python&r=true,developer
"Director, Engineering","Wikimedia Foundation, Inc.",https://stackoverflow.com/jobs/563920/?so=i&q=python&r=true,developer
Drupal Developer - Tech Lead,Portland Webworks,https://stackoverflow.com/jobs/524537/?so=i&q=python&r=true,developer
ECM - RFQ 46 - Support Digitalization Project iPEP,"Progressive Recruitment                        viaProgressive, ein Geschäftszweig der SThree GmbH",https://stackoverflow.com/jobs/526435/?so=i&q=python&r=true,developer
eCommerce Web Developer - JavaScript Focus,oBundle,https://stackoverflow.com/jobs/562674/?so=i&q=python&r=true,developer
Embedded Linux Consulting Engineering Director,Canonical,https://stackoverflow.com/jobs/562923/?so=i&q=python&r=true,developer
Embedded Linux Engineer,Canonical,https://stackoverflow.com/jobs/541320/?so=i&q=python&r=true,developer
Embedded Linux IoT Full Stack Developer,MapLarge,https://stackoverflow.com/jobs/529202/?so=i&q=python&r=true,developer
"Engineer, Android",Citizen,https://stackoverflow.com/jobs/499672/?so=i&q=python&r=true,developer
"Engineer, iOS",Citizen,https://stackoverflow.com/jobs/561576/?so=i&q=python&r=true,developer
Engineering for Young Adult Mental Health,Anywhere in the World,https://weworkremotely.com/remote-jobs/mantra-health-engineering-for-young-adult-mental-health,developer
Engineering Manager,Numbrs,https://stackoverflow.com/jobs/244993/?so=i&q=python&r=true,developer
Engineering Manager - Cards,C2FO,https://stackoverflow.com/jobs/557330/?so=i&q=python&r=true,developer
Engineering Manager - Launchpad,Canonical,https://stackoverflow.com/jobs/562310/?so=i&q=python&r=true,developer
Engineering Manager (Data Insights),ComplyAdvantage,https://stackoverflow.com/jobs/528535/?so=i&q=python&r=true,developer
Engineering Manager (React/Node/JavaScript/AWS),Articulate Inc.,https://stackoverflow.com/jobs/504256/?so=i&q=python&r=true,developer
Engineering Manager (Remote),Nebulab,https://stackoverflow.com/jobs/541098/?so=i&q=python&r=true,developer
"Engineering Manager, Creative Services",VidMob,https://stackoverflow.com/jobs/535586/?so=i&q=python&r=true,developer
"Engineering Manager, Data Infrastructure",HubSpot,https://stackoverflow.com/jobs/504204/?so=i&q=python&r=true,developer
"Engineering Manager, Full Stack - Cisco Meraki - Fully Remote or San Francisco",Cisco Meraki                        viaSource Coders,https://stackoverflow.com/jobs/565709/?so=i&q=python&r=true,developer
"Engineering Manager, Learning Platform, Education",Chan Zuckerberg Initiative,https://stackoverflow.com/jobs/543325/?so=i&q=python&r=true,developer
"Engineering Manager, Ubuntu Server",Canonical,https://stackoverflow.com/jobs/559064/?so=i&q=python&r=true,developer
Engineering Team Lead,Lendi,https://stackoverflow.com/jobs/561804/?so=i&q=python&r=true,developer
ERP Project Manager,atma.io,https://stackoverflow.com/jobs/565321/?so=i&q=python&r=true,developer
Experienced Scala Engineer,Kaizo bv,https://stackoverflow.com/jobs/485067/?so=i&q=python&r=true,developer
Facilitation Program Manager,Anywhere in the World,https://weworkremotely.com/remote-jobs/voltage-control-facilitation-program-manager,developer
Field Software Engineer - APAC,Canonical,https://stackoverflow.com/jobs/512382/?so=i&q=python&r=true,developer
Field Software Engineer - EMEA,Canonical,https://stackoverflow.com/jobs/501791/?so=i&q=python&r=true,developer
Flutter Developer (Remote),X-Team,https://stackoverflow.com/jobs/550202/?so=i&q=python&r=true,developer
Founding Product Designer,Americas Only,https://weworkremotely.com/remote-jobs/stemma-founding-product-designer,developer
Founding Software Engineer - Backend (Rasgo),Unusual Ventures,https://stackoverflow.com/jobs/485991/?so=i&q=python&r=true,developer
Front End Engineer,"Betterup, Inc.",https://stackoverflow.com/jobs/523559/?so=i&q=python&r=true,developer
Front End Software Engineer,Gruntwork,https://stackoverflow.com/jobs/559687/?so=i&q=python&r=true,developer
Front-end Developer (f/m/d) Remote - WordPress Enterprise Projects,Inpsyde GmbH,https://stackoverflow.com/jobs/229477/?so=i&q=python&r=true,developer
Front-End Developer (i.e. React),Imaginary Cloud,https://stackoverflow.com/jobs/562558/?so=i&q=python&r=true,developer
Front-end Web Developer,USA Only,https://weworkremotely.com/remote-jobs/we-make-websites-front-end-web-developer-2,developer
Frontend - Engineer Fokus Vue.JS(m/w/d) 100% Homeoffice,iits-consulting,https://stackoverflow.com/jobs/515912/?so=i&q=python&r=true,developer
Frontend Developer (f/m/d),Trusted Shops GmbH,https://stackoverflow.com/jobs/560025/?so=i&q=python&r=true,developer
Frontend Developer (Vue),Hubstaff,https://stackoverflow.com/jobs/565683/?so=i&q=python&r=true,developer
Frontend Developer / Headless Expert,Magnolia International Ltd.,https://stackoverflow.com/jobs/525573/?so=i&q=python&r=true,developer
Frontend Developer E-Commerce (m/w/d),Peek & Cloppenburg,https://stackoverflow.com/jobs/565676/?so=i&q=python&r=true,developer
Frontend Engineer,Penn Interactive Ventures,https://stackoverflow.com/jobs/548905/?so=i&q=python&r=true,developer
Frontend Engineer – Vue.js,SpotMe,https://stackoverflow.com/jobs/535271/?so=i&q=python&r=true,developer
Frontend Engineer (Remote),Eterlast,https://stackoverflow.com/jobs/563091/?so=i&q=python&r=true,developer
FRONTEND React JS Lead/Senior Developers; 3 Day Weekend; Distributed Team,Laminar,https://stackoverflow.com/jobs/500256/?so=i&q=python&r=true,developer
Frontend React.js Developer (Remote),Soshace LLC,https://stackoverflow.com/jobs/561825/?so=i&q=python&r=true,developer
Full Stack .Net Web Application Developer,MapLarge,https://stackoverflow.com/jobs/509900/?so=i&q=python&r=true,developer
Full Stack Developer,Digia,https://stackoverflow.com/jobs/545923/?so=i&q=python&r=true,developer
Full Stack Developer .Net Core/React.js,Compliance Solutions Strategies,https://stackoverflow.com/jobs/551488/?so=i&q=python&r=true,developer
Full Stack Engineer,Relayr,https://stackoverflow.com/jobs/557762/?so=i&q=python&r=true,developer
"Full Stack Engineer (Java, React) - Remote/US Based",Modus Create,https://stackoverflow.com/jobs/559041/?so=i&q=python&r=true,developer
Full Stack Engineer (m/f/d)  - React/ Typescript/ Node.js/ AWS/ Serverless,epilot,https://stackoverflow.com/jobs/529500/?so=i&q=python&r=true,developer
Full Stack Software Engineer,Ailo,https://stackoverflow.com/jobs/372382/?so=i&q=python&r=true,developer
Full Stack Vue.JS Pro...Who Wants to Dent the Universe,Digital Masterplanning,https://stackoverflow.com/jobs/523933/?so=i&q=python&r=true,developer
Full Stack Warrior (m/w/d),Breuninger GmbH & Co.,https://stackoverflow.com/jobs/432953/?so=i&q=python&r=true,developer
Full Stack Web Developer ,Anywhere in the World,https://weworkremotely.com/remote-jobs/soci-full-stack-web-developer-1,developer
Full Stack Web Developer (m/w/d),solute GmbH,https://stackoverflow.com/jobs/556141/?so=i&q=python&r=true,developer
Full Stack Web Developer (Remote),"Writable, Inc",https://stackoverflow.com/jobs/496868/?so=i&q=python&r=true,developer
Full-Stack Engineer (Ruby on Rails),Anywhere in the World,https://weworkremotely.com/remote-jobs/almanac-full-stack-engineer-ruby-on-rails,developer
Full-Stack Javascript Developer (Node.js / React / Next.js),OOZOU,https://stackoverflow.com/jobs/565669/?so=i&q=python&r=true,developer
Full-Stack JavaScript Developer (Remote),X-Team,https://stackoverflow.com/jobs/534446/?so=i&q=python&r=true,developer
Full-Stack Software Engineer (React/Node - Integrations/API),Articulate Inc.,https://stackoverflow.com/jobs/504249/?so=i&q=python&r=true,developer
Full-Stack Software Engineer (React/Ruby on Rails),Articulate Inc.,https://stackoverflow.com/jobs/504254/?so=i&q=python&r=true,developer
Fullstack Applications Developer (Always Remote),Fresh Technology,https://stackoverflow.com/jobs/555283/?so=i&q=python&r=true,developer
Fullstack Cloud Engineer (Python/React/AWS),Montash,https://stackoverflow.com/jobs/556128/?so=i&q=python&r=true,developer
FullStack Developer,Envato Mexico,https://stackoverflow.com/jobs/524890/?so=i&q=python&r=true,developer
Fullstack Developer (f/m/d),Trusted Shops GmbH,https://stackoverflow.com/jobs/556894/?so=i&q=python&r=true,developer
Fullstack Developer (Python/React),We Got POP Ltd,https://stackoverflow.com/jobs/525267/?so=i&q=python&r=true,developer
Fullstack Developer Javascript | Remote,Unite,https://stackoverflow.com/jobs/560111/?so=i&q=python&r=true,developer
Fullstack Engineer,Anywhere in the World,https://weworkremotely.com/remote-jobs/upright-labs-fullstack-engineer,developer
Fully Remote Senior or Staff DevOps Engineer - Platform9,Platform9                        viaSource Coders,https://stackoverflow.com/jobs/565707/?so=i&q=python&r=true,developer
Games Development Engineer (Remote),X-Team,https://stackoverflow.com/jobs/561566/?so=i&q=python&r=true,developer
Global Head of Performance Engineering,Canonical,https://stackoverflow.com/jobs/556306/?so=i&q=python&r=true,developer
Go Backend Engineer,Joint Academy,https://stackoverflow.com/jobs/558399/?so=i&q=python&r=true,developer
Go Developer (Remote),X-Team,https://stackoverflow.com/jobs/534447/?so=i&q=python&r=true,developer
Go Software Engineer,Packet Fabric,https://stackoverflow.com/jobs/537661/?so=i&q=python&r=true,developer
"Go Software Engineer, Commercial Systems",Canonical,https://stackoverflow.com/jobs/561428/?so=i&q=python&r=true,developer
Golang Software Developer,Anywhere in the World,https://weworkremotely.com/remote-jobs/upstack-technologies-inc-golang-software-developer,developer
"Graduate Software Engineer, Linux-based development",Canonical,https://stackoverflow.com/jobs/565622/?so=i&q=python&r=true,developer
Graphic Designer (Social and UX),Anywhere in the World,https://weworkremotely.com/remote-jobs/eight-clients-graphic-designer-social-and-ux,developer
Hardware Engineer,Balena,https://stackoverflow.com/jobs/552335/?so=i&q=python&r=true,developer
Head of Academy – Sr Developer,Anywhere in the World,https://weworkremotely.com/remote-jobs/clevertech-head-of-academy-sr-developer,developer
Head of Projects (fully remote possible),HappyOrNot,https://stackoverflow.com/jobs/552149/?so=i&q=python&r=true,developer
Hiring Senior & Mid Software Engineers,Lightmatter,https://stackoverflow.com/jobs/523002/?so=i&q=python&r=true,developer
Image Quality Engineer,Flock Safety,https://stackoverflow.com/jobs/555753/?so=i&q=python&r=true,developer
Integration App Product Engineer,SyncSmart.io (by LyntonWeb.com),https://stackoverflow.com/jobs/519804/?so=i&q=python&r=true,developer
Interface Designer,Anywhere in the World,https://weworkremotely.com/remote-jobs/8020-interface-designer,developer
Intermediate Software Engineer,Adaptavist,https://stackoverflow.com/jobs/565697/?so=i&q=python&r=true,developer
Intertoob Scanner Builder (Fullstack Engineer),Carve Systems,https://stackoverflow.com/jobs/517498/?so=i&q=python&r=true,developer
"Interview Engineer (Remote, Australia)",Karat.com,https://stackoverflow.com/jobs/565625/?so=i&q=python&r=true,developer
"Interview Engineer (Remote, Canada)",Karat.com,https://stackoverflow.com/jobs/565626/?so=i&q=python&r=true,developer
"Interview Engineer (Remote, Germany)",Karat.com,https://stackoverflow.com/jobs/565627/?so=i&q=python&r=true,developer
"Interview Engineer (Remote, Israel)",Karat.com,https://stackoverflow.com/jobs/565628/?so=i&q=python&r=true,developer
"Interview Engineer (Remote, Mexico)",Karat.com,https://stackoverflow.com/jobs/565629/?so=i&q=python&r=true,developer
"Interview Engineer (Remote, South Africa)",Karat.com,https://stackoverflow.com/jobs/565624/?so=i&q=python&r=true,developer
"Interview Engineer (Remote, United Kingdom)",Karat.com,https://stackoverflow.com/jobs/565630/?so=i&q=python&r=true,developer
iOS / Swift Developer (Remote),X-Team,https://stackoverflow.com/jobs/534448/?so=i&q=python&r=true,developer
iOS Developer - Support the growth of a popular French video-sharing platform,Pentalog,https://stackoverflow.com/jobs/554212/?so=i&q=python&r=true,developer
IOS Developer (Remote),"Metova, Inc.",https://stackoverflow.com/jobs/559405/?so=i&q=python&r=true,developer
iOS Dveloper,Western Governors University,https://stackoverflow.com/jobs/550609/?so=i&q=python&r=true,developer
iOS Engineer,"Betterup, Inc.",https://stackoverflow.com/jobs/523561/?so=i&q=python&r=true,developer
iOS Security Engineer,Anywhere in the World,https://weworkremotely.com/remote-jobs/fingerprintjs-ios-security-engineer,developer
iOS Software Engineer (Remote or Singapore),BandLab Technologies,https://stackoverflow.com/jobs/555141/?so=i&q=python&r=true,developer
IT-Projektmanager / Tech Lead (m/w/d),Hahn Softwareentwicklung,https://stackoverflow.com/jobs/557754/?so=i&q=python&r=true,developer
Java Backend Developer IIot-Platform (w/m/d),infraView GmbH,https://stackoverflow.com/jobs/562562/?so=i&q=python&r=true,developer
Java Developer / Senior Java Developer,Arcanys,https://stackoverflow.com/jobs/545342/?so=i&q=python&r=true,developer
Java Engineer - Think of the most popular travel platform out there!,Pentalog,https://stackoverflow.com/jobs/530838/?so=i&q=python&r=true,developer
Java Engineer for our CMS needed!,Magnolia International Ltd.,https://stackoverflow.com/jobs/249610/?so=i&q=python&r=true,developer
Java Mage (m/w/d),Breuninger GmbH & Co.,https://stackoverflow.com/jobs/432951/?so=i&q=python&r=true,developer
Java Software Architect (m/w/d) Remote,Unite,https://stackoverflow.com/jobs/560112/?so=i&q=python&r=true,developer
Java Support Engineer wanted!,Magnolia International Ltd.,https://stackoverflow.com/jobs/374068/?so=i&q=python&r=true,developer
Java Web Developer / Consultant - Work in an open-source company!,Vaadin,https://stackoverflow.com/jobs/562583/?so=i&q=python&r=true,developer
Java/Wildfly Backend Developer - m/f/d. LONG-TERM. CONTRACTOR. REMOTE.,Data Virtuality GmbH,https://stackoverflow.com/jobs/556747/?so=i&q=python&r=true,developer
JavaScript Developer,Chalkboard Software Limited,https://stackoverflow.com/jobs/562302/?so=i&q=python&r=true,developer
Javascript Developer - React or Angular or VueJS,Arcanys,https://stackoverflow.com/jobs/551985/?so=i&q=python&r=true,developer
Javascript Developer (React.js/Node.js),Imaginary Cloud,https://stackoverflow.com/jobs/565719/?so=i&q=python&r=true,developer
JavaScript Software Engineers (Front End and Full Stack),Genesys,https://stackoverflow.com/jobs/535333/?so=i&q=python&r=true,developer
Jr. Software Engineer,FieldRoutes,https://stackoverflow.com/jobs/560734/?so=i&q=python&r=true,developer
Kubernetes Administrator,CYBERTEC PostgreSQL International GmbH,https://stackoverflow.com/jobs/558995/?so=i&q=python&r=true,developer
Kubernetes Engineering Manager,Canonical,https://stackoverflow.com/jobs/551186/?so=i&q=python&r=true,developer
Kubernetes operators - Product Manager,Canonical,https://stackoverflow.com/jobs/451981/?so=i&q=python&r=true,developer
KVM and OVS Product Lead,Canonical,https://stackoverflow.com/jobs/522929/?so=i&q=python&r=true,developer
Lead Application Developer / Technical Project Manager,MapLarge,https://stackoverflow.com/jobs/160721/?so=i&q=python&r=true,developer
Lead Data Analyst,komoot,https://stackoverflow.com/jobs/560711/?so=i&q=python&r=true,developer
"Lead Data Warehouse Engineer ( Python,AWS) - US/Remote",Modus Create,https://stackoverflow.com/jobs/562764/?so=i&q=python&r=true,developer
Lead Designer,USA Only,https://weworkremotely.com/remote-jobs/follow-up-boss-lead-designer,developer
Lead Developer - Work in an open-source company!,Vaadin,https://stackoverflow.com/jobs/562584/?so=i&q=python&r=true,developer
Lead Engineer - Fintech,Hopper,https://stackoverflow.com/jobs/506389/?so=i&q=python&r=true,developer
Lead Front End Engineer,Stardog Union,https://stackoverflow.com/jobs/460167/?so=i&q=python&r=true,developer
Lead Frontend Engineer,SyncSmart.io (by LyntonWeb.com),https://stackoverflow.com/jobs/519814/?so=i&q=python&r=true,developer
Lead Frontend Engineer (all genders) - Remote or Relocation,Goodgame Studios,https://stackoverflow.com/jobs/553440/?so=i&q=python&r=true,developer
Lead Full Stack Developer,Motive Interactive,https://stackoverflow.com/jobs/562438/?so=i&q=python&r=true,developer
Lead Full Stack Developer (f/m/x) React & Node.js,Cosuno,https://stackoverflow.com/jobs/522359/?so=i&q=python&r=true,developer
Lead Infrastructure Engineer,Huxley Banking & Financial Services                        viaHuxley (US),https://stackoverflow.com/jobs/525771/?so=i&q=python&r=true,developer
LEAD INSTRUCTOR - DATA SCIENCE [full time || part time],WBS Gruppe,https://stackoverflow.com/jobs/529936/?so=i&q=python&r=true,developer
LEAD INSTRUCTOR - WEB DEVELOPMENT [full time || part time],WBS Gruppe,https://stackoverflow.com/jobs/556317/?so=i&q=python&r=true,developer
LEAD INSTRUCTOR - WEB DEVELOPMENT [German speaking ],WBS Gruppe,https://stackoverflow.com/jobs/529169/?so=i&q=python&r=true,developer
Lead Salesforce Developer (m/f/d),uberall GmbH,https://stackoverflow.com/jobs/561382/?so=i&q=python&r=true,developer
Lead Software Engineer,Huxley Banking & Financial Services                        viaHuxley (US),https://stackoverflow.com/jobs/525730/?so=i&q=python&r=true,developer
Lead Software Engineer - Australia/ New Zealand,Octopus Deploy,https://stackoverflow.com/jobs/541377/?so=i&q=python&r=true,developer
Lead Software Engineer – Cloud Platform Frontend,"Jack Henry & Associates, Inc.®",https://stackoverflow.com/jobs/558525/?so=i&q=python&r=true,developer
Lead UX Designer,USA Only,https://weworkremotely.com/remote-jobs/follow-up-boss-lead-ux-designer,developer
Lead WordPress Engineer,XWP,https://stackoverflow.com/jobs/513454/?so=i&q=python&r=true,developer
Linux Desktop Gaming Product Manager,Canonical,https://stackoverflow.com/jobs/565621/?so=i&q=python&r=true,developer
Linux Developer Experience Lead,Canonical,https://stackoverflow.com/jobs/565542/?so=i&q=python&r=true,developer
"Linux Developer To Work on Articles (remote, part-time)",Baeldung,https://stackoverflow.com/jobs/562281/?so=i&q=python&r=true,developer
Linux Kernel Engineer,Canonical,https://stackoverflow.com/jobs/544576/?so=i&q=python&r=true,developer
"Linux Support Engineer, EMEA",Canonical,https://stackoverflow.com/jobs/535275/?so=i&q=python&r=true,developer
London-based online furniture retailer&designer hiring a PHP Developer (Symfony),Pentalog,https://stackoverflow.com/jobs/554217/?so=i&q=python&r=true,developer
Machine Learning Engineer,"Betterup, Inc.",https://stackoverflow.com/jobs/523562/?so=i&q=python&r=true,developer
"macOS Developer, remote or onsite (m/f/d)",Antetype,https://stackoverflow.com/jobs/521757/?so=i&q=python&r=true,developer
Magento Maestro,Digia,https://stackoverflow.com/jobs/529968/?so=i&q=python&r=true,developer
Marketing Lead - Fast Track,Canonical,https://stackoverflow.com/jobs/521089/?so=i&q=python&r=true,developer
Mid level QA Engineer,Plotly Technologies Inc,https://stackoverflow.com/jobs/560730/?so=i&q=python&r=true,developer
Mid-Weight Digital Designer,Anywhere in the World,https://weworkremotely.com/remote-jobs/hey-digital-mid-weight-digital-designer,developer
Mid/Senior Mobile Engineer - iOS,Photobooth Supply Co,https://stackoverflow.com/jobs/565702/?so=i&q=python&r=true,developer
Middleware Projekt / Großraum Münster / remote,"Sthree Temp Experts GmbH                        viaProgressive, ein Geschäftszweig der SThree GmbH",https://stackoverflow.com/jobs/524689/?so=i&q=python&r=true,developer
Mobile Developer,Chalkboard Software Limited,https://stackoverflow.com/jobs/562303/?so=i&q=python&r=true,developer
Mobile Developer (Ionic/Capacitor),Modus Create,https://stackoverflow.com/jobs/560569/?so=i&q=python&r=true,developer
Mobile Developer at Leading Educational Company,Tynker,https://stackoverflow.com/jobs/533744/?so=i&q=python&r=true,developer
Modern Infrastructure and Security Architect - Remote,MUFG,https://stackoverflow.com/jobs/559431/?so=i&q=python&r=true,developer
Multiple Remote (US) Senior Software Engineering Roles,RXNT,https://stackoverflow.com/jobs/527885/?so=i&q=python&r=true,developer
"Multiple Senior Frontend/Fullstack Roles (Remote, US)",RXNT,https://stackoverflow.com/jobs/533194/?so=i&q=python&r=true,developer
Network Engineer - World-renowned broadband & telecommunications company,Pentalog,https://stackoverflow.com/jobs/554225/?so=i&q=python&r=true,developer
Node.js Developer (Remote),X-Team,https://stackoverflow.com/jobs/534451/?so=i&q=python&r=true,developer
Node.js Developer for high-scalable CRM Tool  (m/f/d) - onsite or remote within,ABOUT YOU SE & Co. KG,https://stackoverflow.com/jobs/236387/?so=i&q=python&r=true,developer
Node.js Typescript Developer,Arcanys,https://stackoverflow.com/jobs/556112/?so=i&q=python&r=true,developer
NYC Tech Recruiter (Sales) - 40 K to 80 K +,Huxley Banking & Financial Services                        viaHuxley (US),https://stackoverflow.com/jobs/524015/?so=i&q=python&r=true,developer
One of the biggest names in telecommunications is looking for a DevOps Engineer,Pentalog,https://stackoverflow.com/jobs/554229/?so=i&q=python&r=true,developer
Open Source Software Engineer,"Progressive                        viaProgressive, ein Geschäftszweig der SThree GmbH",https://stackoverflow.com/jobs/504205/?so=i&q=python&r=true,developer
Open source stack software engineering lead,Canonical,https://stackoverflow.com/jobs/564537/?so=i&q=python&r=true,developer
Operations Engineer (Remote),We Got POP Ltd,https://stackoverflow.com/jobs/556553/?so=i&q=python&r=true,developer
PHP Developer,alfaview GmbH,https://stackoverflow.com/jobs/559394/?so=i&q=python&r=true,developer
PHP Developer (Remote),BuySellAds,https://stackoverflow.com/jobs/562428/?so=i&q=python&r=true,developer
PHP Developer (Symfony) - Join a leading player on the Ebook market,Pentalog,https://stackoverflow.com/jobs/554214/?so=i&q=python&r=true,developer
PHP Developer WANTED (!) by a FinTech Unicorn dealing with cryptocurrency,Pentalog,https://stackoverflow.com/jobs/536620/?so=i&q=python&r=true,developer
PHP Entwickler (m/w/d) mit Google Flutter Skills,Peek & Cloppenburg,https://stackoverflow.com/jobs/565677/?so=i&q=python&r=true,developer
PHP- Entwickler,onOffice GmbH,https://stackoverflow.com/jobs/552289/?so=i&q=python&r=true,developer
Pixel-Perfect Front End/React Developer -work Remotely for an Inc. 5000 Company!,OnePak Inc,https://stackoverflow.com/jobs/467318/?so=i&q=python&r=true,developer
Platform Engineer,SUSE,https://stackoverflow.com/jobs/555636/?so=i&q=python&r=true,developer
Platforms Engineer for a Cryptocurrency Startup,Chorus One,https://stackoverflow.com/jobs/457423/?so=i&q=python&r=true,developer
Polyglot Developer (m/f/d),Acrolinx,https://stackoverflow.com/jobs/514401/?so=i&q=python&r=true,developer
"Principal Backend Engineer, LogStream",Cribl,https://stackoverflow.com/jobs/548884/?so=i&q=python&r=true,developer
Principal Cloud Architect,Western Governors University,https://stackoverflow.com/jobs/558054/?so=i&q=python&r=true,developer
Principal DevOps Engineer,"Sailpoint Technologies, Inc.",https://stackoverflow.com/jobs/557350/?so=i&q=python&r=true,developer
Principal Engineer - Omni-Channel Communications,Assurance,https://stackoverflow.com/jobs/565725/?so=i&q=python&r=true,developer
Principal Engineer (Front End) - Kloud.io,Unusual Ventures,https://stackoverflow.com/jobs/523771/?so=i&q=python&r=true,developer
Principal R&D Software Engineer,General Dynamics UK,https://stackoverflow.com/jobs/565324/?so=i&q=python&r=true,developer
"Principal Software Developer, Shasta, Science",Chan Zuckerberg Initiative,https://stackoverflow.com/jobs/565327/?so=i&q=python&r=true,developer
Principal Software Engineer,Anywhere in the World,https://weworkremotely.com/remote-jobs/talarian-principal-software-engineer,developer
Principal Software Engineer (remote),Huxley Banking & Financial Services                        viaHuxley (US),https://stackoverflow.com/jobs/524596/?so=i&q=python&r=true,developer
"Principal Software Engineer, LogStream Integrations",Cribl,https://stackoverflow.com/jobs/543621/?so=i&q=python&r=true,developer
"Principal Software Engineer, Ruby on Rails (Remote)",Syncro,https://stackoverflow.com/jobs/556781/?so=i&q=python&r=true,developer
Principal Support Engineer (US - Remote),Thycotic,https://stackoverflow.com/jobs/557018/?so=i&q=python&r=true,developer
Principal Tech Lead (m/f/d) - SAP Business Process Intelligence,Signavio,https://stackoverflow.com/jobs/559396/?so=i&q=python&r=true,developer
Product Customer Support Specialist,Real Staffing                        viaReal Staffing US,https://stackoverflow.com/jobs/522988/?so=i&q=python&r=true,developer
Product Design Mentor,Anywhere in the World,https://weworkremotely.com/remote-jobs/designlab-product-design-mentor,developer
Product Design Technologist,North America Only,https://weworkremotely.com/remote-jobs/doximity-product-design-technologist,developer
Product Designer,North America Only,https://weworkremotely.com/remote-jobs/doximity-product-designer-1,developer
Product Designer Manager (UI/UX),"Jack Henry & Associates, Inc.®",https://stackoverflow.com/jobs/553135/?so=i&q=python&r=true,developer
Product Engineer - Full-stack with Ruby on Rails,USA Only,https://weworkremotely.com/remote-jobs/churn-buster-product-engineer-full-stack-with-ruby-on-rails-1,developer
Product Engineer in remote-first browser games company - 100% Typescript,Crazy Games,https://stackoverflow.com/jobs/353692/?so=i&q=python&r=true,developer
Product Manager,Glofox,https://stackoverflow.com/jobs/559777/?so=i&q=python&r=true,developer
"Product Manager - SQL - PostgresQL, MySQL, SQL Server",Canonical,https://stackoverflow.com/jobs/561982/?so=i&q=python&r=true,developer
Product Manager (Systems),Real Staffing                        viaReal Staffing US,https://stackoverflow.com/jobs/523178/?so=i&q=python&r=true,developer
"Product Manager for B2B SaaS (remote or office in BLN, Amsterdam, London, Paris)",uberall GmbH,https://stackoverflow.com/jobs/526163/?so=i&q=python&r=true,developer
Product Oger (m/w/d),Breuninger GmbH & Co.,https://stackoverflow.com/jobs/432950/?so=i&q=python&r=true,developer
Product Owner,Dynamic Planner,https://stackoverflow.com/jobs/561720/?so=i&q=python&r=true,developer
Product Security Architect,"Sailpoint Technologies, Inc.",https://stackoverflow.com/jobs/557353/?so=i&q=python&r=true,developer
Project Manager,Fexa,https://stackoverflow.com/jobs/235798/?so=i&q=python&r=true,developer
Public Cloud Consultant,Canonical,https://stackoverflow.com/jobs/551198/?so=i&q=python&r=true,developer
Public Cloud Ubuntu - Product Manager,Canonical,https://stackoverflow.com/jobs/504555/?so=i&q=python&r=true,developer
"Python Back End Developer (FastAPI, Django, Celery)","Daupler, Inc.",https://stackoverflow.com/jobs/523350/?so=i&q=python&r=true,developer
Python Developer,Risk Focus,https://stackoverflow.com/jobs/552173/?so=i&q=python&r=true,developer
Python Developer (Remote),Finsera,https://stackoverflow.com/jobs/524065/?so=i&q=python&r=true,developer
"Python Software Engineer, Commercial Systems",Canonical,https://stackoverflow.com/jobs/560585/?so=i&q=python&r=true,developer
Python Web Application Developer (Entry or Mid Level),"Cipher Tech Solutions, Inc",https://stackoverflow.com/jobs/561032/?so=i&q=python&r=true,developer
Python/Django back-end developer (Remote),Soshace LLC,https://stackoverflow.com/jobs/561827/?so=i&q=python&r=true,developer
QA & Release Management Lead,SpotMe,https://stackoverflow.com/jobs/536255/?so=i&q=python&r=true,developer
QA Analyst (remote or onsite),Aptera Software,https://stackoverflow.com/jobs/523164/?so=i&q=python&r=true,developer
QA Devops Engineer - Open Source Database Solutions (remote),Percona Staffing LLC,https://stackoverflow.com/jobs/562423/?so=i&q=python&r=true,developer
QA Engineer (Remote),Cleverbit Software,https://stackoverflow.com/jobs/565690/?so=i&q=python&r=true,developer
QA Lead,Zyte (formerly Scrapinghub),https://stackoverflow.com/jobs/555467/?so=i&q=python&r=true,developer
QA Manager,Anywhere in the World,https://weworkremotely.com/remote-jobs/clevertech-qa-manager,developer
QA Manager for a leading broadband and telecommunications provider,Pentalog,https://stackoverflow.com/jobs/554238/?so=i&q=python&r=true,developer
QA Tester,Self Decode,https://stackoverflow.com/jobs/561041/?so=i&q=python&r=true,developer
QC Fachkraft im Bereich Softwareabsicherung,Computer Futures                        viaComputer Futures Solutions GmbH,https://stackoverflow.com/jobs/524966/?so=i&q=python&r=true,developer
Quality Assurance Engineer,Vidaloop,https://stackoverflow.com/jobs/562431/?so=i&q=python&r=true,developer
Quality Assurance Engineer (m/f/d) - onsite or remote within the EU,ABOUT YOU SE & Co. KG,https://stackoverflow.com/jobs/548067/?so=i&q=python&r=true,developer
R&D React Developer (F/HX),Klaxoon,https://stackoverflow.com/jobs/561439/?so=i&q=python&r=true,developer
R&D Software Engineer,General Dynamics UK,https://stackoverflow.com/jobs/551620/?so=i&q=python&r=true,developer
R&D Symfony Developer (F/H/X),Klaxoon,https://stackoverflow.com/jobs/561440/?so=i&q=python&r=true,developer
React Developer - Are you available for the most recognized sports retailer ?,Pentalog,https://stackoverflow.com/jobs/554216/?so=i&q=python&r=true,developer
React Developer (Remote),X-Team,https://stackoverflow.com/jobs/534457/?so=i&q=python&r=true,developer
React Front End Developer,"Daupler, Inc.",https://stackoverflow.com/jobs/523351/?so=i&q=python&r=true,developer
React Front End Developer  - We empower our Developers!  100% Remote - EUROPE,"Orion Advisor Solutions, Inc.",https://stackoverflow.com/jobs/524759/?so=i&q=python&r=true,developer
React Native - work from home for a cutting-edge UK software startup (UK only),Axsy,https://stackoverflow.com/jobs/157276/?so=i&q=python&r=true,developer
React Native Developer ,Anywhere in the World,https://weworkremotely.com/remote-jobs/upstack-technologies-inc-react-native-developer,developer
React Native Developer (Remote),X-Team,https://stackoverflow.com/jobs/534458/?so=i&q=python&r=true,developer
React Native/React Front-End Engineer - Asset Integration,Exodus.io,https://stackoverflow.com/jobs/565734/?so=i&q=python&r=true,developer
React Software Engineer @ Nozomi Networks,Nozomi Networks,https://stackoverflow.com/jobs/526403/?so=i&q=python&r=true,developer
Remote Adaptive Forms (AEM) Developer (US Citizenship Required),Intevity,https://stackoverflow.com/jobs/565653/?so=i&q=python&r=true,developer
Remote DevOps engineer (part-time),MEDrecord BV,https://stackoverflow.com/jobs/565688/?so=i&q=python&r=true,developer
Remote Experienced Frontend Engineer - React,"Theorem, LLC",https://stackoverflow.com/jobs/562427/?so=i&q=python&r=true,developer
Remote Full Stack Java Developer (CA Only),"Sepasoft, Inc.",https://stackoverflow.com/jobs/565458/?so=i&q=python&r=true,developer
Remote Full Stack Software Developer (Ruby on Rails),Fexa,https://stackoverflow.com/jobs/357394/?so=i&q=python&r=true,developer
"Remote Polyglot Software Engineer – TDD, XP, JavaScript",Pragmateam,https://stackoverflow.com/jobs/523004/?so=i&q=python&r=true,developer
Remote Senior Front End Developer,Bitfinex,https://stackoverflow.com/jobs/528797/?so=i&q=python&r=true,developer
Remote Senior Java & AWS Developer - US Citizenship Required,Intevity,https://stackoverflow.com/jobs/565496/?so=i&q=python&r=true,developer
Remote Senior Software Engineer,O'Reilly Auto Parts,https://stackoverflow.com/jobs/560134/?so=i&q=python&r=true,developer
Remote Senior Software Engineers,BET Software,https://stackoverflow.com/jobs/530621/?so=i&q=python&r=true,developer
Remote Software Architect,O'Reilly Auto Parts,https://stackoverflow.com/jobs/560133/?so=i&q=python&r=true,developer
Remote Software Engineer (Node.js) - Electriphi - EV Fleet & Energy Management,Electriphi                        viaSource Coders,https://stackoverflow.com/jobs/565706/?so=i&q=python&r=true,developer
Remote Software Engineer Internship,HENNGE K.K.,https://stackoverflow.com/jobs/518082/?so=i&q=python&r=true,developer
REMOTE Techlead / Principal Engineer Node.js @Global Culture Platform (m/f/x),"AVANTGARDE - ""Creating Fans""",https://stackoverflow.com/jobs/538107/?so=i&q=python&r=true,developer
REMOTE Techlead React (TS) Frontend (m/f/x) - Global Marketplace Solution,"AVANTGARDE - ""Creating Fans""",https://stackoverflow.com/jobs/498049/?so=i&q=python&r=true,developer
Requirement Engineer (m/w/d),"Sthree Temp Experts GmbH                        viaProgressive, ein Geschäftszweig der SThree GmbH",https://stackoverflow.com/jobs/524429/?so=i&q=python&r=true,developer
Researcher,IOVLABS,https://stackoverflow.com/jobs/448524/?so=i&q=python&r=true,developer
Richtfunktechniker,Computer Futures                        viaComputer Futures Solutions GmbH,https://stackoverflow.com/jobs/525471/?so=i&q=python&r=true,developer
Ruby DevOps Engineer,Americas Only,https://weworkremotely.com/remote-jobs/signwell-ruby-devops-engineer,developer
Ruby on Rails Developer,Imaginary Cloud,https://stackoverflow.com/jobs/562762/?so=i&q=python&r=true,developer
Ruby on Rails Engineer,Hubstaff,https://stackoverflow.com/jobs/565634/?so=i&q=python&r=true,developer
Ruby on Rails Engineer (Remote),Nebulab,https://stackoverflow.com/jobs/541097/?so=i&q=python&r=true,developer
Ruby/Rails Developer (Remote),X-Team,https://stackoverflow.com/jobs/534460/?so=i&q=python&r=true,developer
Rust Developer,SORAMITSU,https://stackoverflow.com/jobs/501749/?so=i&q=python&r=true,developer
Salesforce / CTI Administrator,Computer Futures                        viaComputer Futures US,https://stackoverflow.com/jobs/515731/?so=i&q=python&r=true,developer
Salesforce Engineering Manager - OPEN TO REMOTE,The RealReal,https://stackoverflow.com/jobs/562435/?so=i&q=python&r=true,developer
SAP Entwickler ABAP EWM (m/w/d),Peek & Cloppenburg,https://stackoverflow.com/jobs/565684/?so=i&q=python&r=true,developer
SAP Integration Engineer,"Progressive Recruitment                        viaProgressive, ein Geschäftszweig der SThree GmbH",https://stackoverflow.com/jobs/525661/?so=i&q=python&r=true,developer
Scala Developer (m/w/d),Peek & Cloppenburg,https://stackoverflow.com/jobs/565649/?so=i&q=python&r=true,developer
Scala Engineer,Snowplow Analytics,https://stackoverflow.com/jobs/562416/?so=i&q=python&r=true,developer
Scala Software Engineer (Mid-Level To Lead),"Jack Henry & Associates, Inc.®",https://stackoverflow.com/jobs/533136/?so=i&q=python&r=true,developer
Scrum Master (m/w/d) | on-site oder remote,Best Secret GmbH,https://stackoverflow.com/jobs/559936/?so=i&q=python&r=true,developer
Security and Systems Administrator,Oberon Technologies Inc.,https://stackoverflow.com/jobs/539790/?so=i&q=python&r=true,developer
"Security Certifications Product Manager - CIS, FIPS, FedRAMP and more",Canonical,https://stackoverflow.com/jobs/565632/?so=i&q=python&r=true,developer
Security Infrastructure Engineer,Bloomreach,https://stackoverflow.com/jobs/525009/?so=i&q=python&r=true,developer
Senior 3D Designer,Anywhere in the World,https://weworkremotely.com/remote-jobs/spline-senior-3d-designer,developer
Senior Android Developer,komoot,https://stackoverflow.com/jobs/560712/?so=i&q=python&r=true,developer
Senior Android Developer 80-100% (f/m/d),tutti.ch,https://stackoverflow.com/jobs/552489/?so=i&q=python&r=true,developer
Senior Android Engineer,Livefront,https://stackoverflow.com/jobs/521510/?so=i&q=python&r=true,developer
Senior AWS Engineer,iFit,https://stackoverflow.com/jobs/488303/?so=i&q=python&r=true,developer
Senior Back End Developer,Heetch,https://stackoverflow.com/jobs/525340/?so=i&q=python&r=true,developer
Senior Back End Developer - Payments,Heetch,https://stackoverflow.com/jobs/525343/?so=i&q=python&r=true,developer
Senior Back-End Developer,Catawiki,https://stackoverflow.com/jobs/496306/?so=i&q=python&r=true,developer
Senior Backend Developer - Fully remote,Ancient Gaming,https://stackoverflow.com/jobs/561814/?so=i&q=python&r=true,developer
Senior Backend Developer - Node (Remote),Bitfinex,https://stackoverflow.com/jobs/556300/?so=i&q=python&r=true,developer
Senior Backend Developer - ruby/rails,emerchantpay,https://stackoverflow.com/jobs/519486/?so=i&q=python&r=true,developer
"Senior Backend Developer (m/f/d) - remote, fulltime, long-term",Data Virtuality GmbH,https://stackoverflow.com/jobs/555598/?so=i&q=python&r=true,developer
Senior Backend Developer (m/f/d) - remote.,Data Virtuality GmbH,https://stackoverflow.com/jobs/553595/?so=i&q=python&r=true,developer
Senior Backend Developer (m/f/d) TypeScript,Laserhub GmbH,https://stackoverflow.com/jobs/513292/?so=i&q=python&r=true,developer
Senior Backend Engineer,Plotly Technologies Inc,https://stackoverflow.com/jobs/560731/?so=i&q=python&r=true,developer
Senior Backend Engineer - Location Flexible,"Volusion, LLC",https://stackoverflow.com/jobs/443231/?so=i&q=python&r=true,developer
Senior Backend Engineer - Platform Mission,Spotify,https://stackoverflow.com/jobs/550864/?so=i&q=python&r=true,developer
Senior Backend Engineer - Python - México,Cornershop by Uber,https://stackoverflow.com/jobs/526139/?so=i&q=python&r=true,developer
Senior Backend Engineer - Rust or C/C++ (m/f/d),Signavio,https://stackoverflow.com/jobs/556125/?so=i&q=python&r=true,developer
Senior Backend Engineer - The Source,OneFootball GmbH,https://stackoverflow.com/jobs/559027/?so=i&q=python&r=true,developer
Senior Backend Engineer – Royalties and Reporting (Remote Eligible - EMEA),Spotify,https://stackoverflow.com/jobs/550869/?so=i&q=python&r=true,developer
Senior Backend Engineer (Node.js/GraphQL/PostgreSQL),Unusual Ventures,https://stackoverflow.com/jobs/556783/?so=i&q=python&r=true,developer
Senior Backend Engineer (Remote),Slido,https://stackoverflow.com/jobs/519965/?so=i&q=python&r=true,developer
Senior Backend Engineer @ Number One Safety App In the World,Citizen,https://stackoverflow.com/jobs/499674/?so=i&q=python&r=true,developer
"Senior Backend Engineer, LogStream",Cribl,https://stackoverflow.com/jobs/553019/?so=i&q=python&r=true,developer
Senior Backend Software Engineer,C2FO,https://stackoverflow.com/jobs/522851/?so=i&q=python&r=true,developer
Senior Backend Software Engineer (US Only),"Pie Insurance Holdings, Inc.",https://stackoverflow.com/jobs/545524/?so=i&q=python&r=true,developer
Senior Blockchain Android Engineer,Numbrs,https://stackoverflow.com/jobs/526035/?so=i&q=python&r=true,developer
Senior Blockchain iOS Engineer,Numbrs,https://stackoverflow.com/jobs/526034/?so=i&q=python&r=true,developer
Senior C++ (Linux) Application Developer,Anywhere in the World,https://weworkremotely.com/remote-jobs/tuple-senior-cpp-linux-application-developer,developer
Senior C++ Developer,ActivTrak,https://stackoverflow.com/jobs/559197/?so=i&q=python&r=true,developer
Senior Cloud Infrastructure Engineer,eccenca,https://stackoverflow.com/jobs/525468/?so=i&q=python&r=true,developer
Senior Cloud Infrastructure Engineer - OPEN TO REMOTE,The RealReal,https://stackoverflow.com/jobs/552029/?so=i&q=python&r=true,developer
Senior Cloud Security Engineer,komoot,https://stackoverflow.com/jobs/560714/?so=i&q=python&r=true,developer
Senior Cloud Software Developer,atma.io,https://stackoverflow.com/jobs/524871/?so=i&q=python&r=true,developer
Senior Data Analyst,komoot,https://stackoverflow.com/jobs/560716/?so=i&q=python&r=true,developer
Senior Data Engineer,Anywhere in the World,https://weworkremotely.com/remote-jobs/axios-senior-data-engineer,developer
Senior Data Engineer - Remote,Didomi,https://stackoverflow.com/jobs/557607/?so=i&q=python&r=true,developer
Senior Data Engineer (Python) - Remote,SemanticBits,https://stackoverflow.com/jobs/559051/?so=i&q=python&r=true,developer
Senior Data Engineer (US Only),"Pie Insurance Holdings, Inc.",https://stackoverflow.com/jobs/545526/?so=i&q=python&r=true,developer
Senior Data Scientist,StyleSeat,https://stackoverflow.com/jobs/561046/?so=i&q=python&r=true,developer
Senior Data Scientist - Data Foundation,Spotify,https://stackoverflow.com/jobs/499628/?so=i&q=python&r=true,developer
"Senior Data Scientist, Climate Change Tech, Remote/UK, £75k",Confido Talent,https://stackoverflow.com/jobs/562653/?so=i&q=python&r=true,developer
Senior Data/Backend Engineer - Spotify for Artists (Remote Eligible - Americas),Spotify,https://stackoverflow.com/jobs/516902/?so=i&q=python&r=true,developer
Senior Database Administrator,Olo,https://stackoverflow.com/jobs/368571/?so=i&q=python&r=true,developer
Senior Designer,USA Only,https://weworkremotely.com/remote-jobs/follow-up-boss-senior-designer,developer
Senior Developer,ECI Software Solutions,https://stackoverflow.com/jobs/560454/?so=i&q=python&r=true,developer
Senior DevOps Engineer,Contra,https://stackoverflow.com/jobs/559228/?so=i&q=python&r=true,developer
Senior DevOps Engineer (Remote),Slido,https://stackoverflow.com/jobs/519933/?so=i&q=python&r=true,developer
Senior DevOps Engineer Consultant |  Full-time or Contract | Remote,Copado Strategic Services,https://stackoverflow.com/jobs/517961/?so=i&q=python&r=true,developer
Senior DevSecOps Engineer - REMOTE,MUFG,https://stackoverflow.com/jobs/559433/?so=i&q=python&r=true,developer
Senior Digital Product Designer,Anywhere in the World,https://weworkremotely.com/remote-jobs/toptal-senior-digital-product-designer,developer
Senior Engineer,USA Only,https://weworkremotely.com/remote-jobs/triumphpay-senior-engineer,developer
Senior Engineering Manager,Kinsta,https://stackoverflow.com/jobs/561821/?so=i&q=python&r=true,developer
Senior Flink/Druid Software Engineer,Genesys,https://stackoverflow.com/jobs/547941/?so=i&q=python&r=true,developer
Senior Front end,Request,https://stackoverflow.com/jobs/561563/?so=i&q=python&r=true,developer
Senior Front End Engineer (Remote),Slido,https://stackoverflow.com/jobs/519966/?so=i&q=python&r=true,developer
Senior Front End Web Developer,Kettle,https://stackoverflow.com/jobs/378531/?so=i&q=python&r=true,developer
Senior Front-End Developer,Catawiki,https://stackoverflow.com/jobs/541071/?so=i&q=python&r=true,developer
Senior Front-end Developer (Remote),SORAMITSU,https://stackoverflow.com/jobs/522571/?so=i&q=python&r=true,developer
Senior Front-end Engineer,Anywhere in the World,https://weworkremotely.com/remote-jobs/iterative-senior-front-end-engineer,developer
"Senior Front-end Engineer, Automation",Gorgias,https://stackoverflow.com/jobs/552582/?so=i&q=python&r=true,developer
Senior Frontend Developer (m/f/d) - onsite or remote within the EU,ABOUT YOU SE & Co. KG,https://stackoverflow.com/jobs/548070/?so=i&q=python&r=true,developer
Senior Frontend Developer (m/f/d) Vue,Laserhub GmbH,https://stackoverflow.com/jobs/539731/?so=i&q=python&r=true,developer
Senior Frontend Engineer,Assurance,https://stackoverflow.com/jobs/551623/?so=i&q=python&r=true,developer
Senior Frontend Engineer - Employee Performance & Development,Personio,https://stackoverflow.com/jobs/559030/?so=i&q=python&r=true,developer
Senior Frontend Engineer (Remote),Nebulab,https://stackoverflow.com/jobs/541099/?so=i&q=python&r=true,developer
Senior Frontend Software Developer | React JS / Typescript f/m/x für HR Tech,HeavenHR,https://stackoverflow.com/jobs/562776/?so=i&q=python&r=true,developer
Senior Frontend Web Developer - Fintech,Hopper,https://stackoverflow.com/jobs/500612/?so=i&q=python&r=true,developer
Senior Full Stack .Net Web Application Developer,MapLarge,https://stackoverflow.com/jobs/134022/?so=i&q=python&r=true,developer
Senior Full Stack Developer,Dynamic Planner,https://stackoverflow.com/jobs/557319/?so=i&q=python&r=true,developer
Senior Full Stack Developer (f/m/x) React & Node.js,Cosuno,https://stackoverflow.com/jobs/354357/?so=i&q=python&r=true,developer
Senior Full Stack Developer (Remote),Cleverbit Software,https://stackoverflow.com/jobs/565689/?so=i&q=python&r=true,developer
Senior Full Stack Engineer,NOCD,https://stackoverflow.com/jobs/512069/?so=i&q=python&r=true,developer
Senior Full Stack Engineer - JavaScript Pro - Remote,Koji,https://stackoverflow.com/jobs/496856/?so=i&q=python&r=true,developer
Senior Full Stack Engineer - SDK,Spotify,https://stackoverflow.com/jobs/552946/?so=i&q=python&r=true,developer
Senior Full Stack Engineer (Remote),Sector Labs,https://stackoverflow.com/jobs/517508/?so=i&q=python&r=true,developer
Senior Full Stack Engineer at Leading Education Company,Tynker,https://stackoverflow.com/jobs/494562/?so=i&q=python&r=true,developer
Senior Full Stack Engineer- IAM Branding,Auth0,https://stackoverflow.com/jobs/562777/?so=i&q=python&r=true,developer
Senior Full Stack Software Engineer,Anywhere in the World,https://weworkremotely.com/remote-jobs/800-com-senior-full-stack-software-engineer-1,developer
Senior Full Stack Web Developer,MapLarge,https://stackoverflow.com/jobs/99708/?so=i&q=python&r=true,developer
"SENIOR FULL-STACK DEV WITH RUBY / PYTHON / REACT NATIVE -- 100% REMOTE, FLEXIBLE",Analytics Fire,https://stackoverflow.com/jobs/517987/?so=i&q=python&r=true,developer
Senior Full-Stack Developer,Lastmile Retail,https://stackoverflow.com/jobs/523843/?so=i&q=python&r=true,developer
Senior Full-Stack Developer (Remote),Slido,https://stackoverflow.com/jobs/519749/?so=i&q=python&r=true,developer
Senior Full-Stack Engineer,Gorgias,https://stackoverflow.com/jobs/551752/?so=i&q=python&r=true,developer
Senior Fullstack Developer,Worldline,https://stackoverflow.com/jobs/536768/?so=i&q=python&r=true,developer
Senior Fullstack Engineer,Revieve Oy,https://stackoverflow.com/jobs/560693/?so=i&q=python&r=true,developer
Senior Fullstack Engineer (Python/Django/React)- #12 of Top-100 Marketplaces,StyleSeat,https://stackoverflow.com/jobs/561047/?so=i&q=python&r=true,developer
Senior Genesys Cloud Consultant,Genesys,https://stackoverflow.com/jobs/559419/?so=i&q=python&r=true,developer
Senior Independent UX/UI Designer ($110-$190/hr),Anywhere in the World,https://weworkremotely.com/remote-jobs/a-team-senior-independent-ux-ui-designer-110-190-hr,developer
Senior Information Security Analyst- 1 year Contract - Remote,Tucows,https://stackoverflow.com/jobs/522324/?so=i&q=python&r=true,developer
Senior iOS AR Engineer,Passio Inc.,https://stackoverflow.com/jobs/523613/?so=i&q=python&r=true,developer
Senior iOS Developer,Fretello GmbH,https://stackoverflow.com/jobs/554366/?so=i&q=python&r=true,developer
Senior iOS Developer - Fintech,Hopper,https://stackoverflow.com/jobs/526754/?so=i&q=python&r=true,developer
Senior iOS Developer for an up-and-coming France-based start-up company,Pentalog,https://stackoverflow.com/jobs/554243/?so=i&q=python&r=true,developer
Senior iOS engineer - ux + video,SmileDirectClub,https://stackoverflow.com/jobs/546573/?so=i&q=python&r=true,developer
Senior IoT Systems Engineer,Canonical,https://stackoverflow.com/jobs/512740/?so=i&q=python&r=true,developer
Senior iPad Developer ( Swift ),"Nextech Systems, LLC",https://stackoverflow.com/jobs/531019/?so=i&q=python&r=true,developer
Senior Java Backend Engineer - Remote,SemanticBits,https://stackoverflow.com/jobs/559045/?so=i&q=python&r=true,developer
Senior Java Developer,Accenture Romania,https://stackoverflow.com/jobs/534722/?so=i&q=python&r=true,developer
Senior Java developer (Primefaces) | Lisboa,Wondercom,https://stackoverflow.com/jobs/552565/?so=i&q=python&r=true,developer
Senior Java Engineer,Personal Capital,https://stackoverflow.com/jobs/546708/?so=i&q=python&r=true,developer
Senior Java Software Developer,Genesys,https://stackoverflow.com/jobs/547957/?so=i&q=python&r=true,developer
Senior JavaScript Developer (Fullstack),Anywhere in the World,https://weworkremotely.com/remote-jobs/fingerprintjs-senior-javascript-developer-fullstack-2,developer
Senior Javascript Developer / Tech Lead,Insites Digital,https://stackoverflow.com/jobs/531166/?so=i&q=python&r=true,developer
Senior Javascript Full-stack Engineer,Didomi,https://stackoverflow.com/jobs/520680/?so=i&q=python&r=true,developer
"Senior Kotlin Backend Developer (m/w/d), 100% Remote möglich",Flip GmbH,https://stackoverflow.com/jobs/562417/?so=i&q=python&r=true,developer
"Senior Linux Support Engineer, AMER",Canonical,https://stackoverflow.com/jobs/461307/?so=i&q=python&r=true,developer
Senior Machine Learning Engineer - OPEN TO REMOTE,The RealReal,https://stackoverflow.com/jobs/557022/?so=i&q=python&r=true,developer
Senior Microsoft Azure Cloud Engineer,MITRE,https://stackoverflow.com/jobs/514492/?so=i&q=python&r=true,developer
"Senior Open Source Developer & DevOps (Python, Django, React, AWS/OpenStack)",Anywhere in the World,https://weworkremotely.com/remote-jobs/opencraft-senior-open-source-developer-devops-python-django-react-aws-openstack,developer
Senior Operations Manager*in (M/W/D),"SthreeTemp Expert GmbH                        viaProgressive, ein Geschäftszweig der SThree GmbH",https://stackoverflow.com/jobs/531487/?so=i&q=python&r=true,developer
Senior Performance Engineer,Jelli,https://stackoverflow.com/jobs/525855/?so=i&q=python&r=true,developer
Senior PHP Developer,Payslip,https://stackoverflow.com/jobs/449504/?so=i&q=python&r=true,developer
Senior PHP Developer (remote),Supermetrics Oy,https://stackoverflow.com/jobs/561559/?so=i&q=python&r=true,developer
Senior PHP Engineer,Mediavine,https://stackoverflow.com/jobs/529890/?so=i&q=python&r=true,developer
Senior PHP Entwickler (m/w/d),Computer Futures                        viaComputer Futures Solutions GmbH,https://stackoverflow.com/jobs/526049/?so=i&q=python&r=true,developer
Senior Platform Infrastructure Engineer,Olo,https://stackoverflow.com/jobs/417822/?so=i&q=python&r=true,developer
Senior Principal Software Engineer (Remote),Western Governors University,https://stackoverflow.com/jobs/539791/?so=i&q=python&r=true,developer
Senior Product Designer,Olo,https://stackoverflow.com/jobs/529175/?so=i&q=python&r=true,developer
Senior Product Designer (UX/UI) for Leading Kids Coding Platform,Tynker,https://stackoverflow.com/jobs/494563/?so=i&q=python&r=true,developer
"Senior Product Designer, Mobile Apps",Anywhere in the World,https://weworkremotely.com/remote-jobs/ruby-labs-senior-product-designer-mobile-apps,developer
Senior Python Developer,Marketer Technologies AS,https://stackoverflow.com/jobs/518200/?so=i&q=python&r=true,developer
"Senior Python Software Developer (m/f/d) @ our Partner ADSPERT (Berlin, remote)",solute GmbH,https://stackoverflow.com/jobs/547853/?so=i&q=python&r=true,developer
Senior Python/Django Full-stack Developer,Apicbase Belgium,https://stackoverflow.com/jobs/515716/?so=i&q=python&r=true,developer
"Senior QA Engineer (Web Projects, Fully Remote)",BlueModus,https://stackoverflow.com/jobs/565451/?so=i&q=python&r=true,developer
Senior QA/QC Blockchain Engineer,Anywhere in the World,https://weworkremotely.com/remote-jobs/api3-senior-qa-qc-blockchain-engineer,developer
Senior Rails Developer,Anywhere in the World,https://weworkremotely.com/remote-jobs/sidekick-therapy-partners-senior-rails-developer,developer
Senior React Developer - Remote - (Europe),GameAnalytics,https://stackoverflow.com/jobs/554868/?so=i&q=python&r=true,developer
Senior React Developer | Contractor | Remote,Copado Strategic Services,https://stackoverflow.com/jobs/545086/?so=i&q=python&r=true,developer
Senior React Engineer / Mobile Software Developer (Remote),Branding Brand,https://stackoverflow.com/jobs/546545/?so=i&q=python&r=true,developer
Senior Ruby Engineer (Canada Remote),Fullscript,https://stackoverflow.com/jobs/565693/?so=i&q=python&r=true,developer
Senior Ruby on Rails developer,Marketer Technologies AS,https://stackoverflow.com/jobs/518196/?so=i&q=python&r=true,developer
Senior Ruby on Rails Developer (Full-Stack),"Nomadix, Inc.",https://stackoverflow.com/jobs/561577/?so=i&q=python&r=true,developer
Senior Ruby on Rails Engineer,North America Only,https://weworkremotely.com/remote-jobs/fleetio-senior-ruby-on-rails-engineer,developer
Senior SDET - Automation,IMS,https://stackoverflow.com/jobs/524948/?so=i&q=python&r=true,developer
Senior Security Engineer,"Qualia Labs, Inc",https://stackoverflow.com/jobs/553267/?so=i&q=python&r=true,developer
Senior Shopify Developer (Remote + Flexible),Anywhere in the World,https://weworkremotely.com/remote-jobs/storetasker-senior-shopify-developer-remote-flexible-1,developer
Senior Shopify Expert,Anywhere in the World,https://weworkremotely.com/remote-jobs/storetasker-senior-shopify-expert,developer
Senior Site Reliability Engineer - Core Team,Assurance,https://stackoverflow.com/jobs/565724/?so=i&q=python&r=true,developer
Senior Site Reliability Engineer (SRE) - Full Remote in Europe,Heetch,https://stackoverflow.com/jobs/525347/?so=i&q=python&r=true,developer
"Senior Site Reliability Engineer (SRE) (m/w/d), 100% Remote möglich",Flip GmbH,https://stackoverflow.com/jobs/564247/?so=i&q=python&r=true,developer
Senior Software Architect,ECI Software Solutions,https://stackoverflow.com/jobs/560455/?so=i&q=python&r=true,developer
Senior Software Architect (US REMOTE),Thycotic,https://stackoverflow.com/jobs/552174/?so=i&q=python&r=true,developer
Senior Software Developer,Open-Xchange GmbH,https://stackoverflow.com/jobs/565636/?so=i&q=python&r=true,developer
Senior Software Developer (Bently Nevada - ARMS Reliability),Baker Hughes,https://stackoverflow.com/jobs/560597/?so=i&q=python&r=true,developer
Senior Software Developer C++ for Next generation Access Control Solution,By - Access Control Systems,https://stackoverflow.com/jobs/492501/?so=i&q=python&r=true,developer
Senior Software Developer In Test,Jelli,https://stackoverflow.com/jobs/510882/?so=i&q=python&r=true,developer
"Senior Software Development Engineer in Test - (SDET, US Only)","Pie Insurance Holdings, Inc.",https://stackoverflow.com/jobs/506438/?so=i&q=python&r=true,developer
Senior Software Engineer,Stardog Union,https://stackoverflow.com/jobs/521448/?so=i&q=python&r=true,developer
Senior Software Engineer - App Store APIs,Canonical,https://stackoverflow.com/jobs/551466/?so=i&q=python&r=true,developer
Senior Software Engineer - Australia/ New Zealand,Octopus Deploy,https://stackoverflow.com/jobs/541378/?so=i&q=python&r=true,developer
Senior Software Engineer - Cloud Engineering,Canonical,https://stackoverflow.com/jobs/535495/?so=i&q=python&r=true,developer
Senior Software Engineer - Cloud Platform Test Automation,"Jack Henry & Associates, Inc.®",https://stackoverflow.com/jobs/558522/?so=i&q=python&r=true,developer
Senior Software Engineer - Full Stack,C2FO,https://stackoverflow.com/jobs/287269/?so=i&q=python&r=true,developer
Senior Software Engineer - IAM Federations (remote),Auth0,https://stackoverflow.com/jobs/555174/?so=i&q=python&r=true,developer
Senior Software Engineer - IAM Sessions,Auth0,https://stackoverflow.com/jobs/562778/?so=i&q=python&r=true,developer
Senior Software Engineer - Launchpad,Canonical,https://stackoverflow.com/jobs/530389/?so=i&q=python&r=true,developer
Senior Software Engineer - Linux Engineering,Canonical,https://stackoverflow.com/jobs/540018/?so=i&q=python&r=true,developer
Senior Software Engineer - Marketplace,Assurance,https://stackoverflow.com/jobs/565726/?so=i&q=python&r=true,developer
Senior Software Engineer - Omni-Channel Communications,Assurance,https://stackoverflow.com/jobs/565727/?so=i&q=python&r=true,developer
"Senior Software Engineer - Open Source, Dev Tools",Anywhere in the World,https://weworkremotely.com/remote-jobs/iterative-senior-software-engineer-open-source-dev-tools-3,developer
Senior Software Engineer - Python,DIGARC,https://stackoverflow.com/jobs/497630/?so=i&q=python&r=true,developer
Senior Software Engineer - React Native,uShip,https://stackoverflow.com/jobs/550764/?so=i&q=python&r=true,developer
Senior Software Engineer - Remote,Tucows,https://stackoverflow.com/jobs/556752/?so=i&q=python&r=true,developer
Senior Software Engineer - Security Data Management,Anchore,https://stackoverflow.com/jobs/552360/?so=i&q=python&r=true,developer
"Senior Software Engineer - TypeScript, Node.js - Australia/ New Zealand",Octopus Deploy,https://stackoverflow.com/jobs/529032/?so=i&q=python&r=true,developer
Senior Software Engineer - User Interface Development,"Jack Henry & Associates, Inc.®",https://stackoverflow.com/jobs/561040/?so=i&q=python&r=true,developer
Senior Software Engineer - Where GovTech Meets FinTech,PayIt,https://stackoverflow.com/jobs/558419/?so=i&q=python&r=true,developer
Senior Software Engineer – Container Ecosystem,SUSE,https://stackoverflow.com/jobs/554241/?so=i&q=python&r=true,developer
Senior Software Engineer (Angular 9 and Java 11),Western Governors University,https://stackoverflow.com/jobs/558415/?so=i&q=python&r=true,developer
Senior Software Engineer (Azure/AWS),"Jack Henry & Associates, Inc.®",https://stackoverflow.com/jobs/561038/?so=i&q=python&r=true,developer
Senior Software Engineer (Engineering Hiring),Anywhere in the World,https://weworkremotely.com/remote-jobs/automattic-senior-software-engineer-engineering-hiring-2,developer
Senior Software Engineer (Go) - 100% remote (UK/EU only),Form3 - Financial Cloud,https://stackoverflow.com/jobs/287227/?so=i&q=python&r=true,developer
"Senior Software Engineer (Go) - 100% Remote, East Canada Time Zones",Form3 - Financial Cloud,https://stackoverflow.com/jobs/538109/?so=i&q=python&r=true,developer
Senior Software Engineer (PHP AND Golang),Paddle,https://stackoverflow.com/jobs/484608/?so=i&q=python&r=true,developer
Senior Software Engineer (Risk Management),tastyworks,https://stackoverflow.com/jobs/556772/?so=i&q=python&r=true,developer
Senior Software Engineer (Ruby on Rails & React),Home Chef,https://stackoverflow.com/jobs/519747/?so=i&q=python&r=true,developer
Senior Software Engineer (Security),Anywhere in the World,https://weworkremotely.com/remote-jobs/automattic-senior-software-engineer-security-1,developer
Senior Software Engineer / Ruby or Elixir/ Remote,The RealReal,https://stackoverflow.com/jobs/522850/?so=i&q=python&r=true,developer
Senior Software Engineer for growing VC-backed UK startup (based in UK/Europe),Snowplow Analytics,https://stackoverflow.com/jobs/536083/?so=i&q=python&r=true,developer
Senior Software Engineer in Test,Olo,https://stackoverflow.com/jobs/527052/?so=i&q=python&r=true,developer
"Senior Software Engineer, Backend",Jelli,https://stackoverflow.com/jobs/494587/?so=i&q=python&r=true,developer
"Senior Software Engineer, Backend - Fintech",Hopper,https://stackoverflow.com/jobs/522879/?so=i&q=python&r=true,developer
"Senior Software Engineer, Backend - Landscape",Canonical,https://stackoverflow.com/jobs/551337/?so=i&q=python&r=true,developer
"Senior Software Engineer, Backend (Product Team)",Jelli,https://stackoverflow.com/jobs/531125/?so=i&q=python&r=true,developer
"Senior Software Engineer, Content Management System Product Group (CMS)",HubSpot,https://stackoverflow.com/jobs/526394/?so=i&q=python&r=true,developer
"Senior Software Engineer, Elixir",Versus Systems,https://stackoverflow.com/jobs/556907/?so=i&q=python&r=true,developer
"Senior Software Engineer, Email",HubSpot,https://stackoverflow.com/jobs/554705/?so=i&q=python&r=true,developer
"Senior Software Engineer, Infrastructure, Education",Chan Zuckerberg Initiative,https://stackoverflow.com/jobs/537683/?so=i&q=python&r=true,developer
"Senior Software Engineer, Insights",Auth0,https://stackoverflow.com/jobs/537921/?so=i&q=python&r=true,developer
"Senior Software Engineer, Trust, Education",Chan Zuckerberg Initiative,https://stackoverflow.com/jobs/537679/?so=i&q=python&r=true,developer
"Senior Software Engineer, US Credit Trading - Java/Cloud",MarketAxess Holdings Inc.,https://stackoverflow.com/jobs/555970/?so=i&q=python&r=true,developer
"Senior Software Engineer, WordPress",Anywhere in the World,https://weworkremotely.com/remote-jobs/automattic-senior-software-engineer-wordpress-1,developer
Senior Software Quality Assurance,komoot,https://stackoverflow.com/jobs/560719/?so=i&q=python&r=true,developer
Senior Softwareentwickler (m/w/d) Full Stack,Hahn Softwareentwicklung,https://stackoverflow.com/jobs/562409/?so=i&q=python&r=true,developer
"Senior Solutions Engineer, atma.io",atma.io,https://stackoverflow.com/jobs/543027/?so=i&q=python&r=true,developer
"Senior Support & Software Engineer, NY Metro Area (AMERICAS)",Canonical,https://stackoverflow.com/jobs/534711/?so=i&q=python&r=true,developer
"Senior Support & Software Engineer, Tokyo (Remote)",Canonical,https://stackoverflow.com/jobs/534042/?so=i&q=python&r=true,developer
Senior Swift Developer,Anywhere in the World,https://weworkremotely.com/remote-jobs/toptal-senior-swift-developer,developer
Senior Technical Support Engineer,Genesys,https://stackoverflow.com/jobs/551347/?so=i&q=python&r=true,developer
Senior TypeScript and .Net Developer,MapLarge,https://stackoverflow.com/jobs/482097/?so=i&q=python&r=true,developer
Senior UI/UX Designer,Anywhere in the World,https://weworkremotely.com/remote-jobs/anoma-heliax-senior-ui-ux-designer,developer
Senior User Experience (UX) Designer,Anywhere in the World,https://weworkremotely.com/remote-jobs/holmusk-senior-user-experience-ux-designer,developer
Senior User Researcher,Canonical,https://stackoverflow.com/jobs/530814/?so=i&q=python&r=true,developer
Senior UX/UI Designer,Anywhere in the World,https://weworkremotely.com/remote-jobs/webinarninja-senior-ux-ui-designer,developer
Senior Visual Designer & Illustrator,Anywhere in the World,https://weworkremotely.com/remote-jobs/wordwall-senior-visual-designer-illustrator,developer
Senior Web Angular Developer,MHR,https://stackoverflow.com/jobs/524829/?so=i&q=python&r=true,developer
Senior Web App Designer,Anywhere in the World,https://weworkremotely.com/remote-jobs/toptal-senior-web-app-designer,developer
Senior Web Application Engineer,Anchore,https://stackoverflow.com/jobs/496616/?so=i&q=python&r=true,developer
Senior Web Developer - Node/ReactJS,komoot,https://stackoverflow.com/jobs/560720/?so=i&q=python&r=true,developer
"Senior Web Developer (.NET Web Projects, Fully Remote)",BlueModus,https://stackoverflow.com/jobs/565450/?so=i&q=python&r=true,developer
"Senior Web Engineer, Fullstack",Homer,https://stackoverflow.com/jobs/558043/?so=i&q=python&r=true,developer
Senior WordPress Developer,Curotec,https://stackoverflow.com/jobs/550906/?so=i&q=python&r=true,developer
Senior WordPress Engineer (Remote),XWP,https://stackoverflow.com/jobs/507941/?so=i&q=python&r=true,developer
"Senior/Front End Engineer, APAC",Coda Payments,https://stackoverflow.com/jobs/557316/?so=i&q=python&r=true,developer
"Senior/Full Stack Engineer, APAC",Coda Payments,https://stackoverflow.com/jobs/556302/?so=i&q=python&r=true,developer
Senior/Mid Data Engineer - California or Full Remote,FieldLevel,https://stackoverflow.com/jobs/533161/?so=i&q=python&r=true,developer
"Senior/Staff Full Stack Software Engineer - Java, Angular",Jirav,https://stackoverflow.com/jobs/562588/?so=i&q=python&r=true,developer
Server Engineer - Remote (Penn Game Studios),Penn Interactive Ventures,https://stackoverflow.com/jobs/548906/?so=i&q=python&r=true,developer
Site Reliability Engineer,HomeStars,https://stackoverflow.com/jobs/560072/?so=i&q=python&r=true,developer
Site Reliability Engineer - Americas (Remote),Balena,https://stackoverflow.com/jobs/528321/?so=i&q=python&r=true,developer
Site Reliability Engineer - EMEA (Remote),Balena,https://stackoverflow.com/jobs/528322/?so=i&q=python&r=true,developer
Site Reliability Engineer - Terraform,SpotMe,https://stackoverflow.com/jobs/308372/?so=i&q=python&r=true,developer
Site Reliability Engineer (DevOps) - REMOTE,Penn Interactive Ventures,https://stackoverflow.com/jobs/548898/?so=i&q=python&r=true,developer
"Site Reliability Engineer, Americas",Canonical,https://stackoverflow.com/jobs/454608/?so=i&q=python&r=true,developer
"Site Reliability Engineer, Kubernetes",camunda,https://stackoverflow.com/jobs/550386/?so=i&q=python&r=true,developer
Site Reliability Engineering Lead (Remote),Hotjar,https://stackoverflow.com/jobs/545198/?so=i&q=python&r=true,developer
Software Architect / Code Reviewer / Mentor - Part-time,Arcanys,https://stackoverflow.com/jobs/485542/?so=i&q=python&r=true,developer
Software Deconstruction Engineer aka. Security Engineer,Carve Systems,https://stackoverflow.com/jobs/489629/?so=i&q=python&r=true,developer
Software Developer,EVS llc,https://stackoverflow.com/jobs/536314/?so=i&q=python&r=true,developer
Software Developer - Webentwickler - Programmierer m/w/x,Jobcluster Deutschland GmbH,https://stackoverflow.com/jobs/561431/?so=i&q=python&r=true,developer
Software Developer Symfony / PHP (m/f/d),shopware AG,https://stackoverflow.com/jobs/558871/?so=i&q=python&r=true,developer
Software Development Engineer in Test,SDVI,https://stackoverflow.com/jobs/219487/?so=i&q=python&r=true,developer
Software Development Engineer in Test - REMOTE,Penn Interactive Ventures,https://stackoverflow.com/jobs/548899/?so=i&q=python&r=true,developer
Software Development Engineer- Core Trade,DriveWealth Technologies LLC,https://stackoverflow.com/jobs/484103/?so=i&q=python&r=true,developer
Software Engineer,Adaptavist,https://stackoverflow.com/jobs/544650/?so=i&q=python&r=true,developer
Software Engineer - Articulate 360,Articulate Inc.,https://stackoverflow.com/jobs/508367/?so=i&q=python&r=true,developer
Software Engineer - Back-End (Mid - Senior),Olo,https://stackoverflow.com/jobs/406267/?so=i&q=python&r=true,developer
Software Engineer - Backend,Musixmatch,https://stackoverflow.com/jobs/526210/?so=i&q=python&r=true,developer
Software Engineer - Docker Images & Community,Canonical,https://stackoverflow.com/jobs/534266/?so=i&q=python&r=true,developer
Software Engineer - Full Stack (Mid-Senior),Olo,https://stackoverflow.com/jobs/448572/?so=i&q=python&r=true,developer
Software Engineer - Infrastructure,Chorus One,https://stackoverflow.com/jobs/552285/?so=i&q=python&r=true,developer
Software Engineer - Ruby,Tucows,https://stackoverflow.com/jobs/554685/?so=i&q=python&r=true,developer
Software Engineer - SDVI DevOps,SDVI,https://stackoverflow.com/jobs/451626/?so=i&q=python&r=true,developer
Software Engineer (Backend) - Connectly.ai,Unusual Ventures,https://stackoverflow.com/jobs/532922/?so=i&q=python&r=true,developer
Software Engineer (Front & Back End Developers),General Dynamics UK,https://stackoverflow.com/jobs/551621/?so=i&q=python&r=true,developer
Software Engineer (Frontend) - Connectly.ai,Unusual Ventures,https://stackoverflow.com/jobs/532923/?so=i&q=python&r=true,developer
Software Engineer (Full Stack) - Connectly.ai,Unusual Ventures,https://stackoverflow.com/jobs/532925/?so=i&q=python&r=true,developer
Software Engineer (Java/Python),ComplyAdvantage,https://stackoverflow.com/jobs/528544/?so=i&q=python&r=true,developer
Software Engineer / DevOps Engineer (Windows/C#),Babel Street,https://stackoverflow.com/jobs/530298/?so=i&q=python&r=true,developer
Software Engineer Backend,PedidosYa,https://stackoverflow.com/jobs/553000/?so=i&q=python&r=true,developer
Software Engineer Fullstack,PedidosYa,https://stackoverflow.com/jobs/553001/?so=i&q=python&r=true,developer
Software Engineer II (Ruby on Rails & React),Home Chef,https://stackoverflow.com/jobs/519780/?so=i&q=python&r=true,developer
Software Engineer III (Remote) - C#,McDonald's Corporation,https://stackoverflow.com/jobs/549150/?so=i&q=python&r=true,developer
"Software Engineer, Android",Plex,https://stackoverflow.com/jobs/565638/?so=i&q=python&r=true,developer
"Software Engineer, Frontend Infrastructure, Education",Chan Zuckerberg Initiative,https://stackoverflow.com/jobs/560738/?so=i&q=python&r=true,developer
"Software Engineer, iOS",Plex,https://stackoverflow.com/jobs/565660/?so=i&q=python&r=true,developer
"Software Engineer, Notebooks, Education",Chan Zuckerberg Initiative,https://stackoverflow.com/jobs/565329/?so=i&q=python&r=true,developer
"Software Engineer, Security (Remote)",Hotjar,https://stackoverflow.com/jobs/544779/?so=i&q=python&r=true,developer
Software Manager,Possible Finance,https://stackoverflow.com/jobs/528234/?so=i&q=python&r=true,developer
Software Project Manager (On site or Remote),iFit,https://stackoverflow.com/jobs/521077/?so=i&q=python&r=true,developer
Software QA Specialist - Fully Remote,Ancient Gaming,https://stackoverflow.com/jobs/559000/?so=i&q=python&r=true,developer
Software Support Engineer,Adaptavist,https://stackoverflow.com/jobs/554852/?so=i&q=python&r=true,developer
Software Support Engineer (Remote),Pento,https://stackoverflow.com/jobs/524398/?so=i&q=python&r=true,developer
Software Validation Engineer,Real Staffing                        viaReal Staffing US,https://stackoverflow.com/jobs/524060/?so=i&q=python&r=true,developer
Softwareentwickler – Magento (m/w/d),Basler AG,https://stackoverflow.com/jobs/558511/?so=i&q=python&r=true,developer
Softwareentwickler (m/w/d) Frontend,Hahn Softwareentwicklung,https://stackoverflow.com/jobs/553467/?so=i&q=python&r=true,developer
Softwareentwickler Schwerpunkt C++ / JAVA (m/w/d),"Sthree Temp Experts GmbH                        viaProgressive, ein Geschäftszweig der SThree GmbH",https://stackoverflow.com/jobs/528319/?so=i&q=python&r=true,developer
Softwaretester (m/w/d),"Sthree Temp Experts GmbH                        viaProgressive, ein Geschäftszweig der SThree GmbH",https://stackoverflow.com/jobs/525248/?so=i&q=python&r=true,developer
Solidity Developer (Remote),SORAMITSU,https://stackoverflow.com/jobs/565264/?so=i&q=python&r=true,developer
Solution Architect (100% remote),Giant Swarm GmbH,https://stackoverflow.com/jobs/554231/?so=i&q=python&r=true,developer
Solution Architect (m/w/d),best it AG,https://stackoverflow.com/jobs/512065/?so=i&q=python&r=true,developer
Solutions Architect - EMEA Region (Remote),Platform.sh,https://stackoverflow.com/jobs/545187/?so=i&q=python&r=true,developer
Solutions Architect - Integration Services,"Jack Henry & Associates, Inc.®",https://stackoverflow.com/jobs/556549/?so=i&q=python&r=true,developer
Solutions Architect ( IAM),Modus Create,https://stackoverflow.com/jobs/565607/?so=i&q=python&r=true,developer
Solutions Architect | Senior Consultant | DevOps | Remote,Copado Strategic Services,https://stackoverflow.com/jobs/517847/?so=i&q=python&r=true,developer
"Solutions Architect, Advisory","Jack Henry & Associates, Inc.®",https://stackoverflow.com/jobs/545373/?so=i&q=python&r=true,developer
Solutions Engineer,Computer Futures                        viaComputer Futures Japan,https://stackoverflow.com/jobs/523851/?so=i&q=python&r=true,developer
"Solutions Engineer, Axios HQ",Anywhere in the World,https://weworkremotely.com/remote-jobs/axios-solutions-engineer-axios-hq,developer
SQL Software Developer,EVS llc,https://stackoverflow.com/jobs/525750/?so=i&q=python&r=true,developer
"Sr Full Stack Engineer - US & Canada Remote (.NET core, NoSQL, React, AWS)",Lone Wolf Technologies,https://stackoverflow.com/jobs/523487/?so=i&q=python&r=true,developer
Sr SCCM/SCOM Engineer,Lone Wolf Technologies,https://stackoverflow.com/jobs/528215/?so=i&q=python&r=true,developer
Sr Software Engineer Mobile (IOS / Android),PedidosYa,https://stackoverflow.com/jobs/553002/?so=i&q=python&r=true,developer
Sr. Cloud Support Engineer,"Sailpoint Technologies, Inc.",https://stackoverflow.com/jobs/536838/?so=i&q=python&r=true,developer
Sr. Director SRE,Genesys,https://stackoverflow.com/jobs/552041/?so=i&q=python&r=true,developer
Sr. Full Stack Engineer,"SocialChorus, Inc.",https://stackoverflow.com/jobs/523481/?so=i&q=python&r=true,developer
Sr. Full Stack Engineer (JS + Ruby),Almanac,https://stackoverflow.com/jobs/543500/?so=i&q=python&r=true,developer
Sr. IT Solution Architect,atma.io,https://stackoverflow.com/jobs/555928/?so=i&q=python&r=true,developer
Sr. or Lead Front End Engineer - Cisco Meraki - Fully Remote (U.S. or Canada),Cisco Meraki                        viaSource Coders,https://stackoverflow.com/jobs/565641/?so=i&q=python&r=true,developer
Sr. QA Business Analyst Who Wears Many Hats (And Does Other Stuff Good Too),Dorsata,https://stackoverflow.com/jobs/554919/?so=i&q=python&r=true,developer
Sr. SDET,StyleSeat,https://stackoverflow.com/jobs/561459/?so=i&q=python&r=true,developer
Sr. Software Engineer,"Jack Henry & Associates, Inc.®",https://stackoverflow.com/jobs/555662/?so=i&q=python&r=true,developer
Sr. Software Engineer - API Framework,Plex Systems,https://stackoverflow.com/jobs/562425/?so=i&q=python&r=true,developer
Sr. Software Engineer - PHP - Contractor,DIGARC,https://stackoverflow.com/jobs/521882/?so=i&q=python&r=true,developer
Sr. Software Engineer (Node.JS or Java),Genesys,https://stackoverflow.com/jobs/552042/?so=i&q=python&r=true,developer
"Sr. Software Engineer, Machine Learning Infrastructure",Chan Zuckerberg Initiative,https://stackoverflow.com/jobs/565330/?so=i&q=python&r=true,developer
Staff Backend Engineer (US Only),"Pie Insurance Holdings, Inc.",https://stackoverflow.com/jobs/545527/?so=i&q=python&r=true,developer
Staff Frontend Software Engineer (US Only),"Pie Insurance Holdings, Inc.",https://stackoverflow.com/jobs/545528/?so=i&q=python&r=true,developer
Staff Machine Leaning Engineer,Spotify,https://stackoverflow.com/jobs/546722/?so=i&q=python&r=true,developer
Staff Machine Learning Engineer - REMOTE,The RealReal,https://stackoverflow.com/jobs/552039/?so=i&q=python&r=true,developer
Staff Product Security Engineer,"Sailpoint Technologies, Inc.",https://stackoverflow.com/jobs/557349/?so=i&q=python&r=true,developer
Staff Software Engineer,BillionToOne,https://stackoverflow.com/jobs/565619/?so=i&q=python&r=true,developer
Staff Software Engineer - Javascript,Storable,https://stackoverflow.com/jobs/539531/?so=i&q=python&r=true,developer
Staff Software Engineer - Windows,Thycotic,https://stackoverflow.com/jobs/559033/?so=i&q=python&r=true,developer
"Staff Software Engineer, Along, Education",Chan Zuckerberg Initiative,https://stackoverflow.com/jobs/565331/?so=i&q=python&r=true,developer
"Staff Software Engineer, YouTube",Google,https://stackoverflow.com/jobs/561839/?so=i&q=python&r=true,developer
Störungs- und Knowledge Managemer (m/w/d),Computer Futures                        viaComputer Futures Solutions GmbH,https://stackoverflow.com/jobs/524925/?so=i&q=python&r=true,developer
Support Analyst,Worldline,https://stackoverflow.com/jobs/545976/?so=i&q=python&r=true,developer
Support Engineer,SDVI,https://stackoverflow.com/jobs/492303/?so=i&q=python&r=true,developer
SUSE Rancher Technical Engineer (Flexible Location Europe),SUSE,https://stackoverflow.com/jobs/555244/?so=i&q=python&r=true,developer
Symfony/PHP Engineer,Compucorp,https://stackoverflow.com/jobs/554697/?so=i&q=python&r=true,developer
System Administrator,AudioValley,https://stackoverflow.com/jobs/559307/?so=i&q=python&r=true,developer
System Architect,Tucows,https://stackoverflow.com/jobs/560728/?so=i&q=python&r=true,developer
System Engineer,O'Reilly Auto Parts,https://stackoverflow.com/jobs/556562/?so=i&q=python&r=true,developer
Systems Integration and Test Engineer,General Dynamics UK,https://stackoverflow.com/jobs/556138/?so=i&q=python&r=true,developer
Tag Management Analyst,InfoTrust LLC,https://stackoverflow.com/jobs/527961/?so=i&q=python&r=true,developer
Team Leader (Remote),SORAMITSU,https://stackoverflow.com/jobs/522938/?so=i&q=python&r=true,developer
"Tech Lead Architect ( Ionic, Angular) - US based/Remote",Modus Create,https://stackoverflow.com/jobs/561429/?so=i&q=python&r=true,developer
Technical Data Integration Consultant,DIGARC,https://stackoverflow.com/jobs/371609/?so=i&q=python&r=true,developer
Technical Engagement Project Manager,Canonical,https://stackoverflow.com/jobs/535900/?so=i&q=python&r=true,developer
Technical Lead Blockchain,IOVLABS,https://stackoverflow.com/jobs/416113/?so=i&q=python&r=true,developer
Technical Lead PWA (m/f/d),shopware AG,https://stackoverflow.com/jobs/541482/?so=i&q=python&r=true,developer
"Technical Lead, Engineering (Canada Remote)",Fullscript,https://stackoverflow.com/jobs/565656/?so=i&q=python&r=true,developer
"Technical Program Manager, Public Cloud, Americas",Canonical,https://stackoverflow.com/jobs/552597/?so=i&q=python&r=true,developer
Technical Writer,Magnolia International Ltd.,https://stackoverflow.com/jobs/526313/?so=i&q=python&r=true,developer
TechOps Engineer - Mid/Senior,Plotly Technologies Inc,https://stackoverflow.com/jobs/560732/?so=i&q=python&r=true,developer
Test Engineer/Cypress developer for a virtual team,GLOBAL APPCASTING AB,https://stackoverflow.com/jobs/557025/?so=i&q=python&r=true,developer
Testautomatisierer (m/w/d),Computer Futures                        viaComputer Futures Solutions GmbH,https://stackoverflow.com/jobs/524714/?so=i&q=python&r=true,developer
"TPM, Corporate Security, Threat and Incident Response",Chan Zuckerberg Initiative,https://stackoverflow.com/jobs/565326/?so=i&q=python&r=true,developer
TypeScript Developer,Remote Crew LDA,https://stackoverflow.com/jobs/562579/?so=i&q=python&r=true,developer
Typescript/React expert (+3 years),Prezly,https://stackoverflow.com/jobs/546669/?so=i&q=python&r=true,developer
Typing.com Senior Product Designer,Anywhere in the World,https://weworkremotely.com/remote-jobs/teaching-com-typing-com-senior-product-designer,developer
Ubuntu Server Product Manager,Canonical,https://stackoverflow.com/jobs/522926/?so=i&q=python&r=true,developer
UI / UX Designer - Europe - Remote,Europe Only,https://weworkremotely.com/remote-jobs/conduktor-inc-ui-ux-designer-europe-remote,developer
"UI Designer (Remote GMT 0, +1, +2 or +3)",Europe Only,https://weworkremotely.com/remote-jobs/autouncle-ui-designer-remote-gmt-0-1-2-or-3,developer
UK-Based Remote Full Stack Web Developer (Angular / NodeJS / AWS),WUSTL International,https://stackoverflow.com/jobs/518475/?so=i&q=python&r=true,developer
US Startup Point Pickup is seeking an experienced Full Stack .NET developer,Anywhere in the World,https://weworkremotely.com/remote-jobs/point-pickup-inc-us-startup-point-pickup-is-seeking-an-experienced-full-stack-net-developer,developer
UX Designer,PedidosYa,https://stackoverflow.com/jobs/553003/?so=i&q=python&r=true,developer
UX Designer - Europe,Europe Only,https://weworkremotely.com/remote-jobs/conduktor-inc-ux-designer-europe,developer
UX Designer (f/m/d),HeidelbergCement AG,https://stackoverflow.com/jobs/546688/?so=i&q=python&r=true,developer
UX Developer,Portland Webworks,https://stackoverflow.com/jobs/524306/?so=i&q=python&r=true,developer
UX Engineer,Pinnacle 21,https://stackoverflow.com/jobs/561044/?so=i&q=python&r=true,developer
"UX-developer (Full-time, onsite or remote, permanent position, EU only)",Europe Only,https://weworkremotely.com/remote-jobs/guardian360-ux-developer-full-time-onsite-or-remote-permanent-position-eu-only,developer
UX/UI Designer ,Anywhere in the World,https://weworkremotely.com/remote-jobs/create-ape-inc-ux-ui-designer-2,developer
VELYS Product Customer Support Specialist,Real Staffing                        viaReal Staffing US,https://stackoverflow.com/jobs/522864/?so=i&q=python&r=true,developer
Video Editor (int'l candidates welcome to apply!),Anywhere in the World,https://weworkremotely.com/remote-jobs/first-day-life-video-editor-int-l-candidates-welcome-to-apply,developer
Video Editor/Videographer - YouTube Ad Video Producer,Anywhere in the World,https://weworkremotely.com/remote-jobs/ecchitoons-video-editor-videographer-youtube-ad-video-producer,developer
VP Engineering at sustainable start-up (m/f/x) - Brazil/Latin America (Remote),FINN,https://stackoverflow.com/jobs/445056/?so=i&q=python&r=true,developer
VP of Engineering,TradeBlock,https://stackoverflow.com/jobs/559195/?so=i&q=python&r=true,developer
"VP, Senior Network Engineer",Huxley Banking & Financial Services                        viaHuxley (US),https://stackoverflow.com/jobs/522786/?so=i&q=python&r=true,developer
"VP, Software Engineering",Canonical,https://stackoverflow.com/jobs/553806/?so=i&q=python&r=true,developer
Vue.js Developer (Remote),X-Team,https://stackoverflow.com/jobs/534462/?so=i&q=python&r=true,developer
Web Designer ,Anywhere in the World,https://weworkremotely.com/remote-jobs/uscreen-web-designer-1,developer
Web Developer (Angular),SUSE,https://stackoverflow.com/jobs/539503/?so=i&q=python&r=true,developer
Web Developer wanting to join a fast growing company,BigChange Ltd,https://stackoverflow.com/jobs/268103/?so=i&q=python&r=true,developer
Web Engineer,Anywhere in the World,https://weworkremotely.com/remote-jobs/stamped-io-web-engineer-1,developer
Women in Tech - all levels - at sustainable start-up (f/x) - Munich or Remote,FINN,https://stackoverflow.com/jobs/565648/?so=i&q=python&r=true,developer
WordPress – Junior Full Stack Software Engineer – REMOTE – Full Time,USA Only,https://weworkremotely.com/remote-jobs/our-hometown-inc-wordpress-junior-full-stack-software-engineer-remote-full-time-1,developer
WordPress Developer,Self Decode,https://stackoverflow.com/jobs/565667/?so=i&q=python&r=true,developer
WordPress Developer (Remote),X-Team,https://stackoverflow.com/jobs/534463/?so=i&q=python&r=true,developer
"Work on Computer Science and AI/ML focused Tutorials (remote, part-time)",Baeldung,https://stackoverflow.com/jobs/526808/?so=i&q=python&r=true,developer
Xamarin Lead Developer for a virtual team,GLOBAL APPCASTING AB,https://stackoverflow.com/jobs/558870/?so=i&q=python&r=true,developer
